,Lat,Lon,FINAL_SEAMS_ZONE
65,31.337,-88.169,MISO-MS
71,31.337,-88.169,MISO-MS
1519,31.337,-88.169,MISO-MS
124,33.196999999999996,-92.204,LA-N
124,33.203,-91.649,LA-N
134,33.203,-91.649,LA-N
124,33.328,-91.28,LA-N
134,33.328,-91.28,LA-N
124,33.427,-91.305,LA-N
134,33.427,-91.305,LA-N
124,34.239000000000004,-92.398,LA-N
129,34.239000000000004,-92.398,LA-N
124,34.308,-92.339,LA-N
129,34.308,-92.339,LA-N
124,34.319,-92.541,LA-N
124,34.493,-91.568,LA-N
124,34.597,-92.54899999999999,LA-N
144,34.597,-92.54899999999999,LA-N
124,34.613,-92.182,LA-N
124,34.684,-92.45700000000001,LA-N
124,34.854,-92.59700000000001,LA-N
124,34.863,-92.574,LA-N
124,34.874,-92.485,LA-N
124,35.156,-90.76100000000001,LA-N
131,35.156,-90.76100000000001,LA-N
124,35.296,-90.41,LA-GULF
148,35.296,-90.41,LA-GULF
124,35.384,-90.47399999999999,LA-GULF
132,35.384,-90.47399999999999,LA-GULF
148,35.384,-90.47399999999999,LA-GULF
124,35.492,-91.275,LA-N
151,35.492,-91.275,LA-N
124,35.494,-92.209,LA-N
127,35.494,-92.209,LA-N
124,35.631,-92.258,LA-N
127,35.631,-92.258,LA-N
124,35.695,-92.126,LA-N
127,35.695,-92.126,LA-N
124,35.876999999999995,-90.568,MISO-MO
132,35.876999999999995,-90.568,MISO-MO
145,35.876999999999995,-90.568,MISO-MO
124,33.656,-92.81,LA-N
139,33.656,-92.81,LA-N
124,33.775,-93.447,LA-N
124,34.107,-92.84700000000001,LA-N
137,34.107,-92.84700000000001,LA-N
124,34.444,-92.775,LA-N
124,34.67,-92.741,LA-N
127,34.67,-92.741,LA-N
144,34.67,-92.741,LA-N
249,41.323,-95.654,MEC
480,41.323,-95.654,MEC
485,41.323,-95.654,MEC
495,41.323,-95.654,MEC
521,41.323,-95.654,MEC
249,41.394,-94.304,MEC
479,41.394,-94.304,MEC
499,41.394,-94.304,MEC
511,41.394,-94.304,MEC
590,41.394,-94.304,MEC
591,41.394,-94.304,MEC
592,41.394,-94.304,MEC
249,41.898,-95.706,MN-C
480,41.898,-95.706,MN-C
496,41.898,-95.706,MN-C
547,41.898,-95.706,MN-C
249,42.223,-96.119,MN-C
480,42.223,-96.119,MN-C
522,42.223,-96.119,MN-C
523,42.223,-96.119,MN-C
524,42.223,-96.119,MN-C
249,42.415,-96.654,MN-C
1736,42.415,-96.654,MN-C
1763,42.415,-96.654,MN-C
249,42.63399999999999,-96.605,MN-C
2391,42.63399999999999,-96.605,MN-C
2410,42.63399999999999,-96.605,MN-C
2412,42.63399999999999,-96.605,MN-C
249,42.853,-96.61,MN-C
2391,42.853,-96.61,MN-C
2410,42.853,-96.61,MN-C
2412,42.853,-96.61,MN-C
249,43.123999999999995,-96.34,MN-C
480,43.123999999999995,-96.34,MN-C
484,43.123999999999995,-96.34,MN-C
535,43.123999999999995,-96.34,MN-C
536,43.123999999999995,-96.34,MN-C
249,43.153,-96.69200000000001,MN-C
1220,43.153,-96.69200000000001,MN-C
2373,43.153,-96.69200000000001,MN-C
2391,43.153,-96.69200000000001,MN-C
249,43.201,-96.441,MN-C
480,43.201,-96.441,MN-C
484,43.201,-96.441,MN-C
535,43.201,-96.441,MN-C
536,43.201,-96.441,MN-C
249,43.247,-95.191,MN-NE
479,43.247,-95.191,MN-NE
481,43.247,-95.191,MN-NE
249,43.253,-96.363,MN-NE
480,43.253,-96.363,MN-NE
484,43.253,-96.363,MN-NE
535,43.253,-96.363,MN-NE
536,43.253,-96.363,MN-NE
249,43.263999999999996,-99.802,MN-C
2372,43.263999999999996,-99.802,MN-C
2383,43.263999999999996,-99.802,MN-C
249,43.412,-99.194,MN-C
2372,43.412,-99.194,MN-C
2390,43.412,-99.194,MN-C
249,43.527,-96.85799999999999,MN-NE
1220,43.527,-96.85799999999999,MN-NE
2361,43.527,-96.85799999999999,MN-NE
249,43.648,-96.712,MN-NE
1220,43.648,-96.712,MN-NE
2361,43.648,-96.712,MN-NE
249,44.148999999999994,-100.25,MN-C
2363,44.148999999999994,-100.25,MN-C
249,44.15,-97.87799999999999,MN-C
1220,44.15,-97.87799999999999,MN-C
2357,44.15,-97.87799999999999,MN-C
2365,44.15,-97.87799999999999,MN-C
249,44.343999999999994,-96.743,MN-NE
1218,44.343999999999994,-96.743,MN-NE
2361,44.343999999999994,-96.743,MN-NE
2364,44.343999999999994,-96.743,MN-NE
2382,44.343999999999994,-96.743,MN-NE
2395,44.343999999999994,-96.743,MN-NE
2396,44.343999999999994,-96.743,MN-NE
249,44.656000000000006,-95.545,MN-NE
1220,44.656000000000006,-95.545,MN-NE
2364,44.656000000000006,-95.545,MN-NE
249,44.67100000000001,-97.279,MN-C
1218,44.67100000000001,-97.279,MN-C
2357,44.67100000000001,-97.279,MN-C
2361,44.67100000000001,-97.279,MN-C
2364,44.67100000000001,-97.279,MN-C
2405,44.67100000000001,-97.279,MN-C
2406,44.67100000000001,-97.279,MN-C
249,44.705,-95.742,MN-NE
1250,44.705,-95.742,MN-NE
2364,44.705,-95.742,MN-NE
249,44.729,-100.37700000000001,MN-C
2379,44.729,-100.37700000000001,MN-C
2389,44.729,-100.37700000000001,MN-C
249,44.74,-97.10600000000001,MN-C
1218,44.74,-97.10600000000001,MN-C
2357,44.74,-97.10600000000001,MN-C
2361,44.74,-97.10600000000001,MN-C
2364,44.74,-97.10600000000001,MN-C
2405,44.74,-97.10600000000001,MN-C
2406,44.74,-97.10600000000001,MN-C
249,44.751999999999995,-100.38799999999999,MN-C
2379,44.751999999999995,-100.38799999999999,MN-C
2389,44.751999999999995,-100.38799999999999,MN-C
249,44.798,-96.565,MN-C
1218,44.798,-96.565,MN-C
2357,44.798,-96.565,MN-C
2361,44.798,-96.565,MN-C
2364,44.798,-96.565,MN-C
249,44.867,-97.57700000000001,MN-C
2357,44.867,-97.57700000000001,MN-C
2364,44.867,-97.57700000000001,MN-C
2378,44.867,-97.57700000000001,MN-C
249,45.196000000000005,-100.735,MN-C
2362,45.196000000000005,-100.735,MN-C
249,45.21,-96.459,MN-C
1218,45.21,-96.459,MN-C
2364,45.21,-96.459,MN-C
2400,45.21,-96.459,NA
249,45.26,-100.835,MN-C
2362,45.26,-100.835,MN-C
249,45.863,-96.226,MN-C
1230,45.863,-96.226,MN-C
1296,45.863,-96.226,MN-C
249,45.86600000000001,-96.82799999999999,MN-C
1218,45.86600000000001,-96.82799999999999,MN-C
1230,45.86600000000001,-96.82799999999999,MN-C
249,46.107,-100.544,MN-C
1693,46.107,-100.544,MN-C
1694,46.107,-100.544,MN-C
1707,46.107,-100.544,MN-C
249,46.122,-102.615,MN-C
1693,46.122,-102.615,MN-C
1694,46.122,-102.615,MN-C
1703,46.122,-102.615,MN-C
249,46.128,-95.32700000000001,MN-NE
1237,46.128,-95.32700000000001,MN-NE
1242,46.128,-95.32700000000001,MN-NE
249,46.129,-97.50399999999999,MN-C
1218,46.129,-97.50399999999999,MN-C
1694,46.129,-97.50399999999999,MN-C
1699,46.129,-97.50399999999999,NA
249,46.143,-102.385,MN-C
1693,46.143,-102.385,MN-C
1694,46.143,-102.385,MN-C
1703,46.143,-102.385,MN-C
249,46.147,-105.22399999999999,MN-C
1571,46.147,-105.22399999999999,MN-C
249,46.153,-98.205,MN-C
1218,46.153,-98.205,MN-C
1693,46.153,-98.205,MN-C
1694,46.153,-98.205,MN-C
1699,46.153,-98.205,NA
249,46.196000000000005,-102.53399999999999,MN-C
1693,46.196000000000005,-102.53399999999999,MN-C
1694,46.196000000000005,-102.53399999999999,MN-C
1703,46.196000000000005,-102.53399999999999,MN-C
249,46.218999999999994,-97.863,MN-C
1218,46.218999999999994,-97.863,MN-C
1694,46.218999999999994,-97.863,MN-C
1699,46.218999999999994,-97.863,NA
249,46.236999999999995,-100.51100000000001,MN-C
1693,46.236999999999995,-100.51100000000001,MN-C
1694,46.236999999999995,-100.51100000000001,MN-C
1707,46.236999999999995,-100.51100000000001,MN-C
249,46.243,-95.61399999999999,MN-C
1237,46.243,-95.61399999999999,MN-C
1242,46.243,-95.61399999999999,MN-C
249,46.29600000000001,-96.194,MN-C
1237,46.29600000000001,-96.194,MN-C
1242,46.29600000000001,-96.194,MN-C
249,46.301,-97.38,MN-C
1218,46.301,-97.38,MN-C
1694,46.301,-97.38,MN-C
1699,46.301,-97.38,NA
249,46.302,-95.24600000000001,MN-C
1237,46.302,-95.24600000000001,MN-C
1242,46.302,-95.24600000000001,MN-C
249,46.32899999999999,-95.833,MN-C
1237,46.32899999999999,-95.833,MN-C
1242,46.32899999999999,-95.833,MN-C
249,46.347,-95.807,MN-C
1237,46.347,-95.807,MN-C
1242,46.347,-95.807,MN-C
249,46.354,-98.335,MN-C
1218,46.354,-98.335,MN-C
1693,46.354,-98.335,MN-C
1694,46.354,-98.335,MN-C
1699,46.354,-98.335,NA
249,46.381,-98.454,MN-C
1218,46.381,-98.454,MN-C
1693,46.381,-98.454,MN-C
1694,46.381,-98.454,MN-C
1699,46.381,-98.454,NA
249,46.398999999999994,-98.45700000000001,MN-C
1218,46.398999999999994,-98.45700000000001,MN-C
1693,46.398999999999994,-98.45700000000001,MN-C
1694,46.398999999999994,-98.45700000000001,MN-C
1699,46.398999999999994,-98.45700000000001,NA
249,46.413999999999994,-100.35700000000001,MN-C
1693,46.413999999999994,-100.35700000000001,MN-C
1694,46.413999999999994,-100.35700000000001,MN-C
1707,46.413999999999994,-100.35700000000001,MN-C
249,46.423,-96.245,MN-C
1237,46.423,-96.245,MN-C
1242,46.423,-96.245,MN-C
249,46.438,-95.493,MN-C
1218,46.438,-95.493,MN-C
1242,46.438,-95.493,NA
249,46.445,-98.34299999999999,MN-C
1218,46.445,-98.34299999999999,MN-C
1693,46.445,-98.34299999999999,MN-C
1694,46.445,-98.34299999999999,MN-C
1699,46.445,-98.34299999999999,NA
249,46.449,-96.24,MN-C
1237,46.449,-96.24,MN-C
1242,46.449,-96.24,MN-C
249,46.471000000000004,-95.60700000000001,MN-C
1237,46.471000000000004,-95.60700000000001,MN-C
1242,46.471000000000004,-95.60700000000001,MN-C
249,46.477,-96.43700000000001,MN-C
1237,46.477,-96.43700000000001,MN-C
1288,46.477,-96.43700000000001,MN-C
249,46.513999999999996,-95.302,MN-C
1237,46.513999999999996,-95.302,MN-C
1242,46.513999999999996,-95.302,MN-C
249,46.537,-95.77,MN-C
1237,46.537,-95.77,MN-C
1242,46.537,-95.77,MN-C
249,46.537,-104.515,MN-C
1575,46.537,-104.515,MN-C
1693,46.537,-104.515,MN-C
249,46.552,-100.251,MN-C
1693,46.552,-100.251,MN-C
1694,46.552,-100.251,MN-C
1707,46.552,-100.251,MN-C
249,46.56100000000001,-96.291,MN-C
1237,46.56100000000001,-96.291,MN-C
1288,46.56100000000001,-96.291,MN-C
249,46.585,-103.899,MN-C
1693,46.585,-103.899,MN-C
1694,46.585,-103.899,MN-C
1703,46.585,-103.899,MN-C
249,46.595,-97.29299999999999,MN-C
1218,46.595,-97.29299999999999,MN-C
1694,46.595,-97.29299999999999,MN-C
1699,46.595,-97.29299999999999,NA
249,46.63,-96.304,MN-C
1237,46.63,-96.304,MN-C
1288,46.63,-96.304,MN-C
249,46.64,-100.661,MN-C
1218,46.64,-100.661,MN-C
1693,46.64,-100.661,MN-C
1694,46.64,-100.661,MN-C
1710,46.64,-100.661,NA
249,46.648,-100.181,MN-C
1218,46.648,-100.181,MN-C
1693,46.648,-100.181,MN-C
1694,46.648,-100.181,MN-C
1710,46.648,-100.181,NA
249,46.693000000000005,-100.14,MN-C
1218,46.693000000000005,-100.14,MN-C
1693,46.693000000000005,-100.14,MN-C
1694,46.693000000000005,-100.14,MN-C
1710,46.693000000000005,-100.14,NA
249,46.71,-96.338,MN-C
1237,46.71,-96.338,MN-C
1266,46.71,-96.338,MN-C
1267,46.71,-96.338,MN-C
1268,46.71,-96.338,MN-C
249,46.736999999999995,-100.27600000000001,MN-C
1218,46.736999999999995,-100.27600000000001,MN-C
1693,46.736999999999995,-100.27600000000001,MN-C
1694,46.736999999999995,-100.27600000000001,MN-C
1710,46.736999999999995,-100.27600000000001,NA
249,46.761,-101.389,MN-C
1693,46.761,-101.389,MN-C
1694,46.761,-101.389,MN-C
1701,46.761,-101.389,MN-C
249,46.766000000000005,-102.39200000000001,MN-C
1693,46.766000000000005,-102.39200000000001,MN-C
1694,46.766000000000005,-102.39200000000001,MN-C
1700,46.766000000000005,-102.39200000000001,MN-C
249,46.773999999999994,-100.596,MN-C
1218,46.773999999999994,-100.596,MN-C
1693,46.773999999999994,-100.596,MN-C
1694,46.773999999999994,-100.596,MN-C
1710,46.773999999999994,-100.596,NA
249,46.776,-100.432,MN-C
1218,46.776,-100.432,MN-C
1693,46.776,-100.432,MN-C
1694,46.776,-100.432,MN-C
1710,46.776,-100.432,NA
249,46.778,-96.527,MN-C
1253,46.778,-96.527,MN-C
1266,46.778,-96.527,MN-C
1267,46.778,-96.527,MN-C
1268,46.778,-96.527,MN-C
249,46.816,-97.781,MN-C
1218,46.816,-97.781,MN-C
1702,46.816,-97.781,NA
1712,46.816,-97.781,NA
249,46.831,-96.87799999999999,MN-C
1218,46.831,-96.87799999999999,MN-C
1220,46.831,-96.87799999999999,MN-C
1702,46.831,-96.87799999999999,MN-C
249,46.857,-101.281,MN-C
1693,46.857,-101.281,MN-C
1694,46.857,-101.281,MN-C
1701,46.857,-101.281,MN-C
249,46.898,-104.368,MN-C
1693,46.898,-104.368,MN-C
249,46.898,-100.18,MN-C
1218,46.898,-100.18,MN-C
1693,46.898,-100.18,MN-C
1694,46.898,-100.18,MN-C
1710,46.898,-100.18,NA
249,47.132,-104.729,MN-C
1693,47.132,-104.729,MN-C
249,47.152,-98.605,MN-C
1218,47.152,-98.605,MN-C
1694,47.152,-98.605,MN-C
1697,47.152,-98.605,NA
249,47.173,-101.304,MN-C
1693,47.173,-101.304,MN-C
1694,47.173,-101.304,MN-C
1700,47.173,-101.304,MN-C
249,47.418,-101.228,MN-C
1218,47.418,-101.228,MN-C
1694,47.418,-101.228,MN-C
1695,47.418,-101.228,MN-C
1708,47.418,-101.228,NA
1709,47.418,-101.228,NA
249,47.653,-103.70200000000001,MN-C
1576,47.653,-103.70200000000001,MN-C
1693,47.653,-103.70200000000001,MN-C
1694,47.653,-103.70200000000001,MN-C
1705,47.653,-103.70200000000001,MN-C
249,47.67,-97.686,MN-C
1218,47.67,-97.686,MN-C
1696,47.67,-97.686,NA
1721,47.67,-97.686,NA
1722,47.67,-97.686,NA
249,47.672,-102.741,MN-C
1693,47.672,-102.741,MN-C
1694,47.672,-102.741,MN-C
1705,47.672,-102.741,MN-C
249,47.766000000000005,-101.689,MN-C
1218,47.766000000000005,-101.689,MN-C
1694,47.766000000000005,-101.689,MN-C
1695,47.766000000000005,-101.689,MN-C
1708,47.766000000000005,-101.689,NA
1709,47.766000000000005,-101.689,NA
249,47.78,-96.82600000000001,MN-C
1245,47.78,-96.82600000000001,MN-C
1253,47.78,-96.82600000000001,MN-C
249,47.782,-100.84899999999999,MN-C
1218,47.782,-100.84899999999999,MN-C
1694,47.782,-100.84899999999999,MN-C
1695,47.782,-100.84899999999999,MN-C
1708,47.782,-100.84899999999999,NA
1709,47.782,-100.84899999999999,NA
249,47.79,-98.274,MN-C
1218,47.79,-98.274,MN-C
1696,47.79,-98.274,NA
1718,47.79,-98.274,NA
249,47.845,-101.15299999999999,MN-C
1218,47.845,-101.15299999999999,MN-C
1694,47.845,-101.15299999999999,MN-C
1695,47.845,-101.15299999999999,MN-C
1708,47.845,-101.15299999999999,NA
1709,47.845,-101.15299999999999,NA
249,47.891000000000005,-96.598,MN-NE
1238,47.891000000000005,-96.598,MN-NE
1245,47.891000000000005,-96.598,MN-NE
249,48.183,-99.76899999999999,MN-C
1218,48.183,-99.76899999999999,MN-C
1694,48.183,-99.76899999999999,MN-C
1697,48.183,-99.76899999999999,NA
1713,48.183,-99.76899999999999,NA
249,48.207,-99.208,MN-C
1218,48.207,-99.208,MN-C
1694,48.207,-99.208,MN-C
1697,48.207,-99.208,NA
1713,48.207,-99.208,NA
249,48.208,-100.211,MN-C
1218,48.208,-100.211,MN-C
1694,48.208,-100.211,MN-C
1697,48.208,-100.211,NA
249,48.388000000000005,-105.273,MN-C
1573,48.388000000000005,-105.273,MN-C
1693,48.388000000000005,-105.273,MN-C
249,48.475,-100.35600000000001,MN-C
1218,48.475,-100.35600000000001,MN-C
1220,48.475,-100.35600000000001,MN-C
1694,48.475,-100.35600000000001,MN-C
1706,48.475,-100.35600000000001,MN-C
479,40.547,-91.419,MISO-MO
490,40.547,-91.419,MISO-MO
594,40.547,-91.419,MISO-MO
479,41.143,-91.63,CBPC-NIPCO
490,41.143,-91.63,CBPC-NIPCO
530,41.143,-91.63,CBPC-NIPCO
531,41.143,-91.63,CBPC-NIPCO
616,41.143,-91.63,CBPC-NIPCO
479,41.148999999999994,-91.387,CBPC-NIPCO
490,41.148999999999994,-91.387,CBPC-NIPCO
530,41.148999999999994,-91.387,CBPC-NIPCO
531,41.148999999999994,-91.387,CBPC-NIPCO
616,41.148999999999994,-91.387,CBPC-NIPCO
479,41.2,-91.525,CBPC-NIPCO
483,41.2,-91.525,CBPC-NIPCO
479,41.308,-91.48299999999999,CBPC-NIPCO
483,41.308,-91.48299999999999,CBPC-NIPCO
479,41.39,-91.84899999999999,CBPC-NIPCO
492,41.39,-91.84899999999999,CBPC-NIPCO
479,41.475,-91.561,CBPC-NIPCO
626,41.475,-91.561,CBPC-NIPCO
479,41.538000000000004,-91.323,CBPC-NIPCO
483,41.538000000000004,-91.323,CBPC-NIPCO
497,41.538000000000004,-91.323,CBPC-NIPCO
515,41.538000000000004,-91.323,CBPC-NIPCO
608,41.538000000000004,-91.323,CBPC-NIPCO
479,41.582,-91.705,CBPC-NIPCO
480,41.582,-91.705,CBPC-NIPCO
483,41.582,-91.705,CBPC-NIPCO
479,41.605,-90.65100000000001,MEC
480,41.605,-90.65100000000001,MEC
483,41.605,-90.65100000000001,MEC
497,41.605,-90.65100000000001,MEC
605,41.605,-90.65100000000001,MEC
606,41.605,-90.65100000000001,MEC
607,41.605,-90.65100000000001,MEC
479,41.788999999999994,-90.76899999999999,MEC
483,41.788999999999994,-90.76899999999999,MEC
2790,41.788999999999994,-90.76899999999999,MEC
479,41.835,-91.14,CBPC-NIPCO
483,41.835,-91.14,CBPC-NIPCO
497,41.835,-91.14,CBPC-NIPCO
515,41.835,-91.14,CBPC-NIPCO
479,41.836999999999996,-91.271,CBPC-NIPCO
483,41.836999999999996,-91.271,CBPC-NIPCO
497,41.836999999999996,-91.271,CBPC-NIPCO
515,41.836999999999996,-91.271,CBPC-NIPCO
479,41.84,-90.54,MEC
483,41.84,-90.54,MEC
2790,41.84,-90.54,MEC
479,41.845,-90.807,MEC
483,41.845,-90.807,MEC
2790,41.845,-90.807,MEC
479,42.233999999999995,-91.647,CBPC-NIPCO
512,42.233999999999995,-91.647,CBPC-NIPCO
539,42.233999999999995,-91.647,CBPC-NIPCO
479,42.24100000000001,-91.803,CBPC-NIPCO
487,42.24100000000001,-91.803,CBPC-NIPCO
539,42.24100000000001,-91.803,CBPC-NIPCO
479,42.325,-90.625,MEC
486,42.325,-90.625,MEC
550,42.325,-90.625,MEC
551,42.325,-90.625,MEC
2790,42.325,-90.625,MEC
479,42.333,-90.493,MEC
486,42.333,-90.493,MEC
550,42.333,-90.493,MEC
551,42.333,-90.493,MEC
2790,42.333,-90.493,MEC
479,42.466,-90.73100000000001,MEC
486,42.466,-90.73100000000001,MEC
508,42.466,-90.73100000000001,MEC
479,42.512,-91.227,CBPC-NIPCO
486,42.512,-91.227,CBPC-NIPCO
567,42.512,-91.227,CBPC-NIPCO
568,42.512,-91.227,CBPC-NIPCO
479,42.825,-91.523,IA-E
488,42.825,-91.523,IA-E
532,42.825,-91.523,IA-E
533,42.825,-91.523,IA-E
534,42.825,-91.523,IA-E
479,43.117,-91.36,IA-E
488,43.117,-91.36,IA-E
1228,43.117,-91.36,IA-E
479,43.151,-91.81700000000001,IA-E
1228,43.151,-91.81700000000001,IA-E
479,43.208,-91.48100000000001,IA-E
488,43.208,-91.48100000000001,IA-E
1228,43.208,-91.48100000000001,IA-E
479,40.656,-92.773,MEC
503,40.656,-92.773,MEC
479,40.701,-92.80799999999999,MEC
503,40.701,-92.80799999999999,MEC
479,41.163000000000004,-93.897,IA-E
499,41.163000000000004,-93.897,IA-E
479,41.192,-93.39299999999999,MEC
480,41.192,-93.39299999999999,MEC
491,41.192,-93.39299999999999,MEC
589,41.192,-93.39299999999999,MEC
479,41.872,-93.53,MEC
480,41.872,-93.53,MEC
498,41.872,-93.53,MEC
514,41.872,-93.53,MEC
479,41.898,-93.71600000000001,MEC
480,41.898,-93.71600000000001,MEC
482,41.898,-93.71600000000001,MEC
583,41.898,-93.71600000000001,MEC
479,42.332,-93.613,CBPC-NIPCO
482,42.332,-93.613,CBPC-NIPCO
506,42.332,-93.613,NA
509,42.332,-93.613,NA
577,42.332,-93.613,NA
578,42.332,-93.613,NA
479,42.461999999999996,-92.661,CBPC-NIPCO
480,42.461999999999996,-92.661,CBPC-NIPCO
493,42.461999999999996,-92.661,CBPC-NIPCO
525,42.461999999999996,-92.661,CBPC-NIPCO
601,42.461999999999996,-92.661,CBPC-NIPCO
602,42.461999999999996,-92.661,CBPC-NIPCO
479,42.738,-93.581,CBPC-NIPCO
480,42.738,-93.581,CBPC-NIPCO
501,42.738,-93.581,CBPC-NIPCO
509,42.738,-93.581,CBPC-NIPCO
556,42.738,-93.581,CBPC-NIPCO
479,43.243,-93.285,CBPC-NIPCO
479,43.365,-95.647,MN-NE
513,43.365,-95.647,MN-NE
615,43.365,-95.647,MN-NE
1232,43.365,-95.647,MN-NE
1241,43.365,-95.647,MN-NE
479,43.402,-94.87700000000001,MN-NE
481,43.402,-94.87700000000001,MN-NE
1232,43.402,-94.87700000000001,MN-NE
479,43.413999999999994,-94.37,MN-NE
481,43.413999999999994,-94.37,MN-NE
518,43.413999999999994,-94.37,MN-NE
519,43.413999999999994,-94.37,MN-NE
520,43.413999999999994,-94.37,MN-NE
1232,43.413999999999994,-94.37,MN-NE
479,43.45399999999999,-94.36,MN-NE
481,43.45399999999999,-94.36,MN-NE
518,43.45399999999999,-94.36,MN-NE
519,43.45399999999999,-94.36,MN-NE
520,43.45399999999999,-94.36,MN-NE
1232,43.45399999999999,-94.36,MN-NE
479,43.456,-92.772,MN-NE
504,43.456,-92.772,MN-NE
1228,43.456,-92.772,MN-NE
479,43.479,-95.165,MN-NE
481,43.479,-95.165,MN-NE
621,43.479,-95.165,MN-NE
622,43.479,-95.165,MN-NE
1232,43.479,-95.165,MN-NE
479,43.503,-95.20100000000001,MN-NE
1232,43.503,-95.20100000000001,MN-NE
480,41.336999999999996,-90.81700000000001,MEC
480,42.373999999999995,-92.14,CBPC-NIPCO
487,42.373999999999995,-92.14,CBPC-NIPCO
493,42.373999999999995,-92.14,CBPC-NIPCO
580,42.373999999999995,-92.14,CBPC-NIPCO
581,42.373999999999995,-92.14,CBPC-NIPCO
480,40.678000000000004,-95.69,MEC
480,41.227,-93.266,MEC
480,41.408,-93.31,MEC
480,41.48,-93.565,MEC
491,41.48,-93.565,MEC
589,41.48,-93.565,MEC
480,41.488,-93.66,MEC
491,41.488,-93.66,MEC
589,41.488,-93.66,MEC
480,41.508,-93.27799999999999,MEC
480,41.613,-93.602,MEC
480,41.675,-93.766,MEC
480,41.683,-93.699,MEC
480,41.739,-93.85700000000001,MEC
480,41.765,-95.837,MN-C
545,41.765,-95.837,MN-C
548,41.765,-95.837,MN-C
480,42.646,-94.288,CBPC-NIPCO
482,42.646,-94.288,CBPC-NIPCO
613,42.646,-94.288,CBPC-NIPCO
614,42.646,-94.288,CBPC-NIPCO
480,42.728,-94.197,CBPC-NIPCO
482,42.728,-94.197,CBPC-NIPCO
613,42.728,-94.197,CBPC-NIPCO
614,42.728,-94.197,CBPC-NIPCO
491,41.198,-93.667,IA-E
589,41.198,-93.667,NA
627,43.407,-88.167,MN-NE
2790,43.407,-88.167,MN-NE
2791,43.407,-88.167,MN-NE
2817,43.407,-88.167,MN-NE
2877,43.407,-88.167,MN-NE
680,38.448,-89.611,IL-C
694,38.448,-89.611,NA
680,38.518,-88.796,IL-C
682,38.518,-88.796,IL-C
694,38.518,-88.796,IL-C
680,38.585,-87.68700000000001,IL-C
685,38.585,-87.68700000000001,NA
680,38.615,-88.721,IL-C
682,38.615,-88.721,IL-C
719,38.615,-88.721,IL-C
680,38.623000000000005,-87.891,IL-C
685,38.623000000000005,-87.891,NA
680,38.658,-87.75200000000001,IL-C
685,38.658,-87.75200000000001,NA
680,38.665,-89.381,IL-C
682,38.665,-89.381,IL-C
689,38.665,-89.381,IL-C
713,38.665,-89.381,IL-C
680,38.674,-89.50299999999999,IL-C
682,38.674,-89.50299999999999,IL-C
689,38.674,-89.50299999999999,IL-C
713,38.674,-89.50299999999999,IL-C
680,38.696999999999996,-87.715,IL-C
685,38.696999999999996,-87.715,NA
680,38.719,-89.59299999999999,IL-C
682,38.719,-89.59299999999999,IL-C
689,38.719,-89.59299999999999,IL-C
713,38.719,-89.59299999999999,IL-C
680,38.738,-89.603,IL-C
682,38.738,-89.603,IL-C
689,38.738,-89.603,IL-C
680,38.82,-87.745,IL-C
685,38.82,-87.745,NA
680,38.857,-87.729,IL-C
685,38.857,-87.729,NA
680,39.104,-89.152,IL-C
682,39.104,-89.152,IL-C
680,39.2,-89.531,IL-C
682,39.2,-89.531,IL-C
697,39.2,-89.531,IL-C
680,39.289,-89.641,IL-C
682,39.289,-89.641,IL-C
703,39.289,-89.641,IL-C
680,39.309,-88.819,IL-C
682,39.309,-88.819,IL-C
690,39.309,-88.819,IL-C
680,39.334,-89.60700000000001,IL-C
682,39.334,-89.60700000000001,IL-C
703,39.334,-89.60700000000001,IL-C
680,39.374,-87.704,IL-C
701,39.374,-87.704,NA
680,39.397,-89.469,IL-C
690,39.397,-89.469,NA
680,39.427,-88.145,IL-C
704,39.427,-88.145,NA
680,39.427,-89.31,IL-C
690,39.427,-89.31,NA
680,39.494,-87.652,IL-C
701,39.494,-87.652,NA
680,39.516,-89.19200000000001,IL-C
690,39.516,-89.19200000000001,NA
680,39.577,-89.29799999999999,IL-C
690,39.577,-89.29799999999999,NA
680,39.578,-88.145,IL-C
704,39.578,-88.145,NA
680,39.589,-88.10700000000001,IL-C
704,39.589,-88.10700000000001,NA
680,39.617,-89.199,IL-C
690,39.617,-89.199,NA
680,39.644,-88.31700000000001,IL-C
704,39.644,-88.31700000000001,NA
680,39.734,-89.164,IL-C
690,39.734,-89.164,NA
680,39.735,-87.846,IL-C
701,39.735,-87.846,NA
680,39.745,-89.333,IL-C
690,39.745,-89.333,NA
680,39.793,-88.87,IL-C
690,39.793,-88.87,NA
680,39.8,-89.64299999999999,IL-C
687,39.8,-89.64299999999999,NA
709,39.8,-89.64299999999999,NA
710,39.8,-89.64299999999999,NA
730,39.8,-89.64299999999999,NA
680,39.821,-87.602,IL-C
701,39.821,-87.602,NA
680,39.873000000000005,-88.564,IL-C
684,39.873000000000005,-88.564,NA
680,39.88,-89.335,IL-C
687,39.88,-89.335,NA
709,39.88,-89.335,NA
710,39.88,-89.335,NA
680,40.361999999999995,-88.368,IL-C
684,40.361999999999995,-88.368,NA
680,40.442,-89.565,IL-C
687,40.442,-89.565,NA
680,40.515,-87.62700000000001,IL-C
684,40.515,-87.62700000000001,NA
680,40.611,-88.58,IL-C
684,40.611,-88.58,NA
680,40.71,-87.805,IL-C
684,40.71,-87.805,NA
680,40.719,-88.682,IL-C
683,40.719,-88.682,NA
680,40.719,-89.435,IL-C
680,40.742,-88.29799999999999,IL-C
684,40.742,-88.29799999999999,NA
680,40.754,-87.743,IL-C
684,40.754,-87.743,NA
680,40.804,-89.65,IL-C
680,40.889,-89.406,IL-C
680,37.109,-89.238,IL-C
698,37.109,-89.238,NA
722,37.109,-89.238,NA
680,37.196,-89.17200000000001,IL-C
698,37.196,-89.17200000000001,NA
722,37.196,-89.17200000000001,NA
680,37.213,-88.686,IL-C
698,37.213,-88.686,NA
720,37.213,-88.686,NA
680,37.51,-89.134,IL-C
698,37.51,-89.134,NA
680,37.539,-88.421,IN-S
688,37.539,-88.421,IN-S
680,37.543,-88.262,IN-S
688,37.543,-88.262,IN-S
680,37.654,-88.774,IL-C
688,37.654,-88.774,IL-C
680,37.76,-88.50200000000001,IL-C
688,37.76,-88.50200000000001,IL-C
680,38.15,-89.475,IL-C
680,38.16,-88.583,IL-C
691,38.16,-88.583,NA
680,38.173,-88.13600000000001,IL-C
691,38.173,-88.13600000000001,NA
680,38.244,-89.824,IL-C
682,38.244,-89.824,IL-C
689,38.244,-89.824,IL-C
695,38.244,-89.824,IL-C
714,38.244,-89.824,IL-C
680,38.305,-90.325,IL-C
715,38.305,-90.325,NA
680,38.336999999999996,-90.34700000000001,IL-C
715,38.336999999999996,-90.34700000000001,NA
680,38.38,-90.24,IL-C
715,38.38,-90.24,NA
680,38.463,-90.2,IL-C
715,38.463,-90.2,NA
680,38.491,-90.23100000000001,IL-C
715,38.491,-90.23100000000001,NA
680,38.514,-90.236,IL-C
682,38.514,-90.236,IL-C
689,38.514,-90.236,IL-C
714,38.514,-90.236,IL-C
715,38.514,-90.236,IL-C
680,38.537,-89.8,IL-C
682,38.537,-89.8,IL-C
689,38.537,-89.8,IL-C
713,38.537,-89.8,IL-C
714,38.537,-89.8,IL-C
680,38.748000000000005,-90.116,MISO-MO
682,38.748000000000005,-90.116,MISO-MO
689,38.748000000000005,-90.116,MISO-MO
680,38.824,-90.109,MISO-MO
682,38.824,-90.109,MISO-MO
689,38.824,-90.109,MISO-MO
680,38.826,-89.7,IL-C
682,38.826,-89.7,IL-C
689,38.826,-89.7,IL-C
680,38.864000000000004,-89.727,IL-C
682,38.864000000000004,-89.727,IL-C
689,38.864000000000004,-89.727,IL-C
680,39.113,-90.63,IL-C
686,39.113,-90.63,NA
680,39.222,-89.698,IL-C
682,39.222,-89.698,IL-C
703,39.222,-89.698,IL-C
680,39.278,-89.70200000000001,IL-C
682,39.278,-89.70200000000001,IL-C
703,39.278,-89.70200000000001,IL-C
680,39.472,-89.859,IL-C
682,39.472,-89.859,IL-C
703,39.472,-89.859,IL-C
680,39.476,-89.792,IL-C
682,39.476,-89.792,IL-C
703,39.476,-89.792,IL-C
680,39.644,-89.863,IL-C
703,39.644,-89.863,NA
709,39.644,-89.863,NA
710,39.644,-89.863,NA
680,39.76,-91.117,IL-C
692,39.76,-91.117,NA
680,40.181,-91.50200000000001,IL-C
692,40.181,-91.50200000000001,NA
680,40.478,-90.56,IL-C
702,40.478,-90.56,NA
680,40.606,-91.18700000000001,IL-C
706,40.606,-91.18700000000001,NA
680,41.126000000000005,-90.30799999999999,IL-C
680,41.2,-90.42200000000001,IL-C
680,41.33,-90.83,IL-C
681,41.138999999999996,-87.846,NIPS
681,41.245,-87.552,NIPS
681,41.26,-87.807,NIPS
681,41.263999999999996,-87.531,NIPS
681,41.299,-87.62299999999999,NIPS
699,41.299,-87.62299999999999,NIPS
681,41.355,-87.57600000000001,NIPS
699,41.355,-87.57600000000001,NIPS
681,41.46,-88.31200000000001,NIPS
681,41.497,-87.71,NIPS
705,41.497,-87.71,NIPS
681,41.571999999999996,-87.553,NIPS
705,41.571999999999996,-87.553,NIPS
681,41.68600000000001,-87.652,NIPS
705,41.68600000000001,-87.652,NIPS
681,41.70399999999999,-87.55,NIPS
705,41.70399999999999,-87.55,NIPS
681,41.86600000000001,-87.79,NIPS
705,41.86600000000001,-87.79,NIPS
681,42.141000000000005,-88.147,NIPS
705,42.141000000000005,-88.147,NIPS
681,42.181000000000004,-87.87200000000001,NIPS
681,42.185,-89.329,ATC
693,42.185,-89.329,ATC
681,42.348,-87.84700000000001,NIPS
681,42.381,-88.516,ATC
2796,42.381,-88.516,ATC
681,42.446999999999996,-87.897,NIPS
681,42.396,-90.277,MEC
2795,42.396,-90.277,MEC
681,42.49,-89.699,ATC
2795,42.49,-89.699,ATC
2796,42.49,-89.699,ATC
749,38.656,-86.139,IN-S
756,38.656,-86.139,NA
749,38.736,-85.199,IN-S
757,38.736,-85.199,NA
749,39.148,-85.34100000000001,IN-S
757,39.148,-85.34100000000001,NA
749,39.317,-85.117,IN-S
757,39.317,-85.117,NA
749,39.338,-85.73,IN-S
761,39.338,-85.73,NA
825,39.338,-85.73,NA
749,39.34,-85.76100000000001,IN-S
761,39.34,-85.76100000000001,NA
825,39.34,-85.76100000000001,NA
749,39.354,-85.544,IN-S
792,39.354,-85.544,NA
749,39.448,-85.211,IN-S
765,39.448,-85.211,NA
749,39.529,-85.73899999999999,IN-S
755,39.529,-85.73899999999999,NA
761,39.529,-85.73899999999999,NA
765,39.529,-85.73899999999999,NA
749,39.615,-85.434,IN-S
765,39.615,-85.434,NA
749,39.691,-85.40299999999999,IN-S
765,39.691,-85.40299999999999,NA
749,39.899,-85.48299999999999,IN-S
801,39.899,-85.48299999999999,NA
820,39.899,-85.48299999999999,NA
821,39.899,-85.48299999999999,NA
822,39.899,-85.48299999999999,NA
823,39.899,-85.48299999999999,NA
749,40.125,-86.131,IN-S
749,38.175,-86.25299999999999,IN-S
775,38.175,-86.25299999999999,NA
749,38.2,-86.54299999999999,IN-S
770,38.2,-86.54299999999999,IN-S
771,38.2,-86.54299999999999,IN-S
829,38.2,-86.54299999999999,NA
830,38.2,-86.54299999999999,NA
749,38.284,-87.32799999999999,IN-S
749,38.325,-87.209,IN-S
753,38.325,-87.209,IN-S
749,38.325,-87.755,IN-S
752,38.325,-87.755,NA
749,38.442,-87.57700000000001,IN-S
752,38.442,-87.57700000000001,NA
749,38.448,-86.583,IN-S
804,38.448,-86.583,NA
818,38.448,-86.583,NA
749,38.45,-87.35799999999999,IN-S
752,38.45,-87.35799999999999,NA
749,38.52,-87.45299999999999,IN-S
752,38.52,-87.45299999999999,NA
749,38.648,-87.499,IN-S
752,38.648,-87.499,NA
749,38.676,-86.45,IN-S
804,38.676,-86.45,NA
818,38.676,-86.45,NA
749,38.679,-86.744,IN-S
769,38.679,-86.744,NA
834,38.679,-86.744,NA
749,38.718,-86.279,IN-S
756,38.718,-86.279,NA
749,38.773,-86.469,IN-S
749,38.788000000000004,-87.301,IN-S
752,38.788000000000004,-87.301,NA
749,38.813,-87.213,IN-S
769,38.813,-87.213,NA
749,39.11,-87.21,IN-S
762,39.11,-87.21,NA
749,39.129,-86.419,IN-S
763,39.129,-86.419,NA
749,39.139,-86.836,IN-S
762,39.139,-86.836,NA
749,39.141,-87.118,IN-S
762,39.141,-87.118,NA
749,39.148,-86.39399999999999,IN-S
763,39.148,-86.39399999999999,NA
749,39.149,-86.661,IN-S
749,39.18,-86.27,IN-S
755,39.18,-86.27,NA
763,39.18,-86.27,NA
749,39.18,-86.63,IN-S
749,39.195,-87.22200000000001,IN-S
762,39.195,-87.22200000000001,NA
749,39.241,-86.37899999999999,IN-S
763,39.241,-86.37899999999999,NA
749,39.25,-86.23,IN-S
755,39.25,-86.23,NA
763,39.25,-86.23,NA
749,39.262,-86.464,IN-S
763,39.262,-86.464,NA
749,39.27,-86.43299999999999,IN-S
763,39.27,-86.43299999999999,NA
749,39.287,-86.74,IN-S
763,39.287,-86.74,NA
749,39.29,-86.176,IN-S
755,39.29,-86.176,NA
763,39.29,-86.176,NA
749,39.327,-87.495,IN-S
752,39.327,-87.495,NA
749,39.339,-86.48700000000001,IN-S
755,39.339,-86.48700000000001,NA
763,39.339,-86.48700000000001,NA
814,39.339,-86.48700000000001,NA
749,39.368,-86.867,IN-S
763,39.368,-86.867,NA
749,39.41,-86.281,IN-S
755,39.41,-86.281,NA
763,39.41,-86.281,NA
814,39.41,-86.281,NA
749,39.451,-86.275,IN-S
755,39.451,-86.275,NA
763,39.451,-86.275,NA
814,39.451,-86.275,NA
749,39.457,-86.65100000000001,IN-S
763,39.457,-86.65100000000001,NA
749,39.465,-87.464,IN-S
749,39.47,-86.235,IN-S
755,39.47,-86.235,NA
761,39.47,-86.235,NA
835,39.47,-86.235,NA
749,39.49,-86.316,IN-S
755,39.49,-86.316,NA
763,39.49,-86.316,NA
814,39.49,-86.316,NA
749,39.499,-86.89,IN-S
772,39.499,-86.89,NA
794,39.499,-86.89,NA
749,39.515,-86.15299999999999,IN-S
755,39.515,-86.15299999999999,NA
761,39.515,-86.15299999999999,NA
835,39.515,-86.15299999999999,NA
749,39.523,-86.414,IN-S
755,39.523,-86.414,NA
763,39.523,-86.414,NA
814,39.523,-86.414,NA
749,39.545,-86.162,IN-S
755,39.545,-86.162,NA
761,39.545,-86.162,NA
835,39.545,-86.162,NA
749,39.564,-86.391,IN-S
755,39.564,-86.391,IN-S
763,39.564,-86.391,IN-S
776,39.564,-86.391,IN-S
814,39.564,-86.391,IN-S
749,39.569,-86.22399999999999,IN-S
755,39.569,-86.22399999999999,NA
761,39.569,-86.22399999999999,NA
835,39.569,-86.22399999999999,NA
749,39.580999999999996,-86.484,IN-S
755,39.580999999999996,-86.484,IN-S
763,39.580999999999996,-86.484,IN-S
776,39.580999999999996,-86.484,IN-S
814,39.580999999999996,-86.484,IN-S
749,39.593,-86.54799999999999,IN-S
755,39.593,-86.54799999999999,NA
772,39.593,-86.54799999999999,NA
814,39.593,-86.54799999999999,NA
749,39.602,-86.755,IN-S
772,39.602,-86.755,NA
794,39.602,-86.755,NA
749,39.605,-86.554,IN-S
768,39.605,-86.554,NA
772,39.605,-86.554,NA
812,39.605,-86.554,NA
813,39.605,-86.554,NA
749,39.635999999999996,-86.436,IN-S
768,39.635999999999996,-86.436,IN-S
772,39.635999999999996,-86.436,IN-S
776,39.635999999999996,-86.436,IN-S
812,39.635999999999996,-86.436,IN-S
813,39.635999999999996,-86.436,IN-S
749,39.666,-86.647,IN-S
768,39.666,-86.647,NA
772,39.666,-86.647,NA
812,39.666,-86.647,NA
813,39.666,-86.647,NA
749,39.713,-87.448,IN-S
749,39.72,-86.57,IN-S
768,39.72,-86.57,NA
772,39.72,-86.57,NA
812,39.72,-86.57,NA
813,39.72,-86.57,NA
749,39.755,-86.42,IN-S
768,39.755,-86.42,NA
772,39.755,-86.42,NA
812,39.755,-86.42,NA
813,39.755,-86.42,NA
749,39.759,-86.655,IN-S
768,39.759,-86.655,NA
772,39.759,-86.655,NA
812,39.759,-86.655,NA
813,39.759,-86.655,NA
749,39.764,-86.684,IN-S
768,39.764,-86.684,NA
772,39.764,-86.684,NA
812,39.764,-86.684,NA
813,39.764,-86.684,NA
749,39.796,-86.557,IN-S
768,39.796,-86.557,NA
772,39.796,-86.557,NA
812,39.796,-86.557,NA
813,39.796,-86.557,NA
749,39.83,-87.15,IN-S
767,39.83,-87.15,NA
802,39.83,-87.15,NA
749,39.84,-87.25,IN-S
767,39.84,-87.25,NA
802,39.84,-87.25,NA
749,39.857,-86.34899999999999,IN-C
768,39.857,-86.34899999999999,IN-C
772,39.857,-86.34899999999999,IN-C
776,39.857,-86.34899999999999,IN-C
812,39.857,-86.34899999999999,IN-C
813,39.857,-86.34899999999999,IN-C
749,39.875,-86.551,IN-S
768,39.875,-86.551,NA
772,39.875,-86.551,NA
812,39.875,-86.551,NA
813,39.875,-86.551,NA
749,39.876,-86.412,IN-S
768,39.876,-86.412,NA
772,39.876,-86.412,NA
812,39.876,-86.412,NA
813,39.876,-86.412,NA
749,39.9,-86.51899999999999,IN-S
768,39.9,-86.51899999999999,NA
772,39.9,-86.51899999999999,NA
812,39.9,-86.51899999999999,NA
813,39.9,-86.51899999999999,NA
749,40.161,-87.48899999999999,IN-S
773,40.161,-87.48899999999999,NA
832,40.161,-87.48899999999999,NA
749,40.191,-86.48700000000001,IN-S
778,40.191,-86.48700000000001,NA
749,40.202,-86.257,IN-S
778,40.202,-86.257,NA
749,40.283,-87.374,IN-S
773,40.283,-87.374,NA
832,40.283,-87.374,NA
749,40.325,-86.35700000000001,IN-S
749,40.403,-86.396,IN-S
749,40.548,-86.85,IN-S
758,40.548,-86.85,NA
749,40.62,-86.666,IN-S
758,40.62,-86.666,NA
828,40.62,-86.666,NA
749,40.666,-86.34,IN-S
782,40.666,-86.34,NA
749,40.699,-86.15799999999999,IN-S
782,40.699,-86.15799999999999,NA
749,40.715,-86.66,IN-S
758,40.715,-86.66,NA
828,40.715,-86.66,NA
749,40.751999999999995,-86.664,IN-S
758,40.751999999999995,-86.664,NA
785,40.751999999999995,-86.664,NA
786,40.751999999999995,-86.664,NA
749,40.89,-86.275,IN-S
782,40.89,-86.275,NA
750,41.306999999999995,-85.595,NIPS
784,41.306999999999995,-85.595,NA
806,41.306999999999995,-85.595,NA
750,41.498999999999995,-85.86200000000001,NIPS
1171,41.498999999999995,-85.86200000000001,NIPS
750,41.571000000000005,-85.20200000000001,IN-C
827,41.571000000000005,-85.20200000000001,IN-C
1171,41.571000000000005,-85.20200000000001,IN-C
750,41.59,-85.765,NIPS
1171,41.59,-85.765,NIPS
750,41.593,-85.291,IN-C
811,41.593,-85.291,IN-C
1171,41.593,-85.291,IN-C
750,41.693000000000005,-85.75200000000001,NIPS
1171,41.693000000000005,-85.75200000000001,NIPS
750,41.714,-85.294,IN-C
811,41.714,-85.294,IN-C
1171,41.714,-85.294,IN-C
750,40.593,-86.89299999999999,NIPS
758,40.593,-86.89299999999999,NA
785,40.593,-86.89299999999999,NA
786,40.593,-86.89299999999999,NA
750,40.841,-86.645,NIPS
758,40.841,-86.645,NA
785,40.841,-86.645,NA
786,40.841,-86.645,NA
750,40.89,-86.626,NIPS
758,40.89,-86.626,NA
785,40.89,-86.626,NA
786,40.89,-86.626,NA
750,41.16,-87.477,NIPS
750,41.218,-86.49799999999999,NIPS
764,41.218,-86.49799999999999,NA
750,41.222,-86.45200000000001,NIPS
793,41.222,-86.45200000000001,NA
797,41.222,-86.45200000000001,NA
798,41.222,-86.45200000000001,NA
750,41.284,-87.23100000000001,NIPS
750,41.352,-86.75399999999999,NIPS
764,41.352,-86.75399999999999,NA
774,41.352,-86.75399999999999,NA
750,41.381,-86.426,NIPS
793,41.381,-86.426,NA
797,41.381,-86.426,NA
798,41.381,-86.426,NA
750,41.522,-86.867,NIPS
764,41.522,-86.867,NA
774,41.522,-86.867,NA
750,41.59,-87.417,NIPS
751,40.434,-85.848,IN-C
810,40.434,-85.848,NA
751,41.122,-85.43299999999999,IN-C
795,41.122,-85.43299999999999,NA
833,41.122,-85.43299999999999,NA
751,41.122,-85.579,IN-C
795,41.122,-85.579,NA
833,41.122,-85.579,NA
751,41.178000000000004,-85.33200000000001,IN-C
795,41.178000000000004,-85.33200000000001,IN-C
2009,41.178000000000004,-85.33200000000001,IN-C
751,41.367,-85.33,IN-C
784,41.367,-85.33,NA
806,41.367,-85.33,NA
751,41.501999999999995,-85.23200000000001,IN-C
784,41.501999999999995,-85.23200000000001,NA
806,41.501999999999995,-85.23200000000001,NA
751,41.732,-86.745,IN-C
774,41.732,-86.745,NA
753,38.181999999999995,-87.478,IN-S
753,38.213,-87.647,IN-S
753,38.316,-87.469,IN-S
753,38.375,-87.134,IN-S
753,38.135,-87.33,IN-S
2301,38.135,-87.33,NA
753,38.144,-87.109,IN-S
2301,38.144,-87.109,NA
768,39.82,-86.338,NA
776,39.82,-86.338,IN-C
812,39.82,-86.338,NA
813,39.82,-86.338,NA
770,38.154,-86.883,IN-S
771,38.154,-86.883,IN-S
776,39.647,-86.186,IN-C
776,39.759,-86.165,IN-C
776,39.787,-86.229,IN-C
776,39.81,-86.2,IN-C
776,39.812,-86.23899999999999,IN-C
776,39.891,-86.208,IN-C
779,38.228,-86.796,IN-S
807,38.228,-86.796,IN-S
1011,38.694,-85.29700000000001,IN-S
1034,38.694,-85.29700000000001,IN-S
1012,38.162,-85.241,IN-S
1012,37.226,-87.723,IN-S
1012,37.272,-87.17299999999999,IN-S
1012,37.292,-87.11,IN-S
1012,37.381,-87.62799999999999,IN-S
1013,37.24,-88.126,IN-S
1013,37.303000000000004,-87.775,IN-S
1013,37.305,-87.78,IN-S
1013,37.431999999999995,-87.822,IN-S
1013,37.45,-87.28200000000001,IN-S
1013,37.485,-87.28200000000001,IN-S
1013,37.497,-87.681,IN-S
1013,37.68,-87.757,IN-S
1013,37.724000000000004,-87.15899999999999,IN-S
1013,37.768,-86.81700000000001,IN-S
1013,37.805,-87.704,IN-S
1037,37.805,-87.704,IN-S
1013,37.821999999999996,-87.865,IN-S
1013,37.84,-87.34700000000001,IN-S
1037,37.84,-87.34700000000001,IN-S
1013,37.845,-87.493,IN-S
1037,37.845,-87.493,IN-S
1013,37.851,-87.57600000000001,IN-S
1037,37.851,-87.57600000000001,IN-S
1015,37.139,-86.65,IN-S
1015,37.272,-86.516,IN-S
1015,37.478,-86.59,IN-S
1020,36.867,-88.463,IL-C
1029,37.628,-86.586,IN-S
1033,38.156,-85.51100000000001,IN-S
1033,38.31,-85.331,IN-S
1045,37.359,-87.545,IL-C
1066,29.398000000000003,-89.634,LA-GULF
1066,29.671,-89.575,LA-GULF
1066,30.363000000000003,-90.382,LA-GULF
1067,30.363000000000003,-90.382,LA-GULF
1075,30.363000000000003,-90.382,NA
1066,30.386999999999997,-91.211,LA-GULF
1067,30.386999999999997,-91.211,LA-GULF
1077,30.386999999999997,-91.211,LA-GULF
1066,30.405,-91.814,LA-GULF
1067,30.405,-91.814,LA-GULF
1068,30.405,-91.814,LA-GULF
1066,30.406999999999996,-92.56700000000001,LA-N
1067,30.406999999999996,-92.56700000000001,LA-N
1068,30.406999999999996,-92.56700000000001,LA-N
1069,30.406999999999996,-92.56700000000001,LA-N
1066,30.406999999999996,-91.69200000000001,LA-GULF
1067,30.406999999999996,-91.69200000000001,LA-GULF
1068,30.406999999999996,-91.69200000000001,LA-GULF
1072,30.406999999999996,-91.69200000000001,LA-GULF
1066,30.409000000000002,-91.87100000000001,LA-GULF
1067,30.409000000000002,-91.87100000000001,LA-GULF
1068,30.409000000000002,-91.87100000000001,LA-GULF
1072,30.409000000000002,-91.87100000000001,LA-GULF
1066,30.425,-90.73899999999999,LA-GULF
1067,30.425,-90.73899999999999,LA-GULF
1077,30.425,-90.73899999999999,LA-GULF
1066,30.425,-91.848,LA-GULF
1067,30.425,-91.848,LA-GULF
1068,30.425,-91.848,LA-GULF
1066,30.432,-92.325,LA-N
1067,30.432,-92.325,LA-N
1068,30.432,-92.325,LA-N
1066,30.436,-90.764,LA-GULF
1067,30.436,-90.764,LA-GULF
1077,30.436,-90.764,LA-GULF
1066,30.461,-91.602,LA-GULF
1067,30.461,-91.602,LA-GULF
1078,30.461,-91.602,NA
1088,30.461,-91.602,NA
1066,30.463,-91.561,LA-GULF
1067,30.463,-91.561,LA-GULF
1078,30.463,-91.561,NA
1088,30.463,-91.561,NA
1066,30.463,-91.587,LA-GULF
1067,30.463,-91.587,LA-GULF
1078,30.463,-91.587,NA
1088,30.463,-91.587,NA
1066,30.471,-89.898,LA-GULF
1067,30.471,-89.898,LA-GULF
1075,30.471,-89.898,NA
1066,30.476,-90.789,LA-GULF
1067,30.476,-90.789,LA-GULF
1077,30.476,-90.789,LA-GULF
1066,30.526999999999997,-90.26,LA-GULF
1067,30.526999999999997,-90.26,LA-GULF
1075,30.526999999999997,-90.26,NA
1066,30.53,-90.351,LA-GULF
1067,30.53,-90.351,LA-GULF
1075,30.53,-90.351,NA
1066,30.555,-90.113,LA-GULF
1067,30.555,-90.113,LA-GULF
1075,30.555,-90.113,NA
1066,30.563000000000002,-91.21799999999999,LA-GULF
1067,30.563000000000002,-91.21799999999999,LA-GULF
1077,30.563000000000002,-91.21799999999999,LA-GULF
1066,30.570999999999998,-91.266,LA-GULF
1067,30.570999999999998,-91.266,LA-GULF
1077,30.570999999999998,-91.266,LA-GULF
1066,30.576,-90.728,LA-GULF
1067,30.576,-90.728,LA-GULF
1077,30.576,-90.728,LA-GULF
1066,30.61,-91.116,LA-GULF
1067,30.61,-91.116,LA-GULF
1077,30.61,-91.116,LA-GULF
1066,30.638,-90.62700000000001,LA-GULF
1067,30.638,-90.62700000000001,LA-GULF
1077,30.638,-90.62700000000001,LA-GULF
1066,30.641,-91.789,LA-GULF
1067,30.641,-91.789,LA-GULF
1068,30.641,-91.789,LA-GULF
1066,30.647,-91.53,LA-GULF
1067,30.647,-91.53,LA-GULF
1078,30.647,-91.53,NA
1066,30.658,-90.441,LA-GULF
1067,30.658,-90.441,LA-GULF
1075,30.658,-90.441,NA
1066,30.665,-91.725,LA-GULF
1067,30.665,-91.725,LA-GULF
1078,30.665,-91.725,NA
1066,30.717,-91.149,LA-GULF
1067,30.717,-91.149,LA-GULF
1077,30.717,-91.149,LA-GULF
1066,30.719,-91.273,LA-GULF
1067,30.719,-91.273,LA-GULF
1077,30.719,-91.273,LA-GULF
1066,30.728,-91.314,LA-GULF
1067,30.728,-91.314,LA-GULF
1077,30.728,-91.314,LA-GULF
1066,30.73,-91.40100000000001,LA-GULF
1067,30.73,-91.40100000000001,LA-GULF
1078,30.73,-91.40100000000001,NA
1066,30.748,-91.208,LA-GULF
1067,30.748,-91.208,LA-GULF
1077,30.748,-91.208,LA-GULF
1066,30.773000000000003,-91.318,LA-GULF
1067,30.773000000000003,-91.318,LA-GULF
1077,30.773000000000003,-91.318,LA-GULF
1066,30.778000000000002,-90.25200000000001,LA-GULF
1067,30.778000000000002,-90.25200000000001,LA-GULF
1075,30.778000000000002,-90.25200000000001,NA
1066,30.785,-91.4,LA-GULF
1067,30.785,-91.4,LA-GULF
1077,30.785,-91.4,LA-GULF
1066,30.791,-91.42200000000001,LA-GULF
1067,30.791,-91.42200000000001,LA-GULF
1077,30.791,-91.42200000000001,LA-GULF
1066,30.791999999999998,-91.59200000000001,LA-GULF
1067,30.791999999999998,-91.59200000000001,LA-GULF
1078,30.791999999999998,-91.59200000000001,NA
1066,30.802,-90.20100000000001,LA-GULF
1067,30.802,-90.20100000000001,LA-GULF
1075,30.802,-90.20100000000001,NA
1066,30.815,-91.37899999999999,LA-GULF
1067,30.815,-91.37899999999999,LA-GULF
1077,30.815,-91.37899999999999,LA-GULF
1066,30.849,-91.26700000000001,LA-GULF
1067,30.849,-91.26700000000001,LA-GULF
1077,30.849,-91.26700000000001,LA-GULF
1066,30.86,-91.131,LA-GULF
1067,30.86,-91.131,LA-GULF
1077,30.86,-91.131,LA-GULF
1066,30.877,-90.147,LA-GULF
1067,30.877,-90.147,LA-GULF
1075,30.877,-90.147,NA
1066,30.878,-90.301,LA-GULF
1067,30.878,-90.301,LA-GULF
1075,30.878,-90.301,NA
1066,30.879,-90.73100000000001,LA-GULF
1067,30.879,-90.73100000000001,LA-GULF
1077,30.879,-90.73100000000001,LA-GULF
1066,30.88,-91.36399999999999,LA-GULF
1067,30.88,-91.36399999999999,LA-GULF
1077,30.88,-91.36399999999999,LA-GULF
1066,31.131999999999998,-92.51,LA-N
1069,31.131999999999998,-92.51,LA-N
1073,31.131999999999998,-92.51,LA-N
1080,31.131999999999998,-92.51,LA-N
1066,31.185,-92.353,LA-N
1069,31.185,-92.353,LA-N
1073,31.185,-92.353,LA-N
1080,31.185,-92.353,LA-N
1066,31.212,-92.213,LA-N
1069,31.212,-92.213,LA-N
1078,31.212,-92.213,LA-N
1066,31.296,-92.38,LA-N
1069,31.296,-92.38,LA-N
1073,31.296,-92.38,LA-N
1080,31.296,-92.38,LA-N
1066,31.508000000000003,-92.296,LA-GULF
1068,31.508000000000003,-92.296,LA-GULF
1069,31.508000000000003,-92.296,LA-GULF
1076,31.508000000000003,-92.296,LA-GULF
1066,31.508000000000003,-91.677,LA-GULF
1076,31.508000000000003,-91.677,LA-GULF
1086,31.508000000000003,-91.677,LA-GULF
1066,31.586,-91.461,LA-GULF
1076,31.586,-91.461,LA-GULF
1086,31.586,-91.461,LA-GULF
1066,31.622,-91.71600000000001,LA-GULF
1076,31.622,-91.71600000000001,LA-GULF
1086,31.622,-91.71600000000001,LA-GULF
1066,32.249,-92.198,LA-GULF
1071,32.249,-92.198,LA-GULF
1066,32.274,-92.212,LA-GULF
1071,32.274,-92.212,LA-GULF
1066,32.33,-92.32799999999999,LA-N
1070,32.33,-92.32799999999999,LA-N
1066,32.56,-91.541,LA-GULF
1071,32.56,-91.541,LA-GULF
1066,32.771,-92.536,LA-N
1070,32.771,-92.536,LA-N
1066,32.863,-92.19,LA-N
1070,32.863,-92.19,LA-N
1066,29.131,-90.885,LA-GULF
1072,29.131,-90.885,LA-GULF
1079,29.131,-90.885,NA
1066,29.184,-90.755,LA-GULF
1072,29.184,-90.755,LA-GULF
1079,29.184,-90.755,NA
1066,29.230999999999998,-90.805,LA-GULF
1072,29.230999999999998,-90.805,LA-GULF
1079,29.230999999999998,-90.805,NA
1066,29.294,-90.89299999999999,LA-GULF
1072,29.294,-90.89299999999999,LA-GULF
1079,29.294,-90.89299999999999,NA
1066,29.311,-90.535,LA-GULF
1072,29.311,-90.535,LA-GULF
1079,29.311,-90.535,NA
1066,29.32,-90.889,LA-GULF
1072,29.32,-90.889,LA-GULF
1079,29.32,-90.889,NA
1066,29.329,-90.325,LA-GULF
1072,29.329,-90.325,LA-GULF
1066,29.33,-90.647,LA-GULF
1072,29.33,-90.647,LA-GULF
1079,29.33,-90.647,NA
1066,29.397,-90.729,LA-GULF
1072,29.397,-90.729,LA-GULF
1079,29.397,-90.729,NA
1066,29.432,-90.618,LA-GULF
1072,29.432,-90.618,LA-GULF
1079,29.432,-90.618,NA
1066,29.443,-90.561,LA-GULF
1072,29.443,-90.561,LA-GULF
1079,29.443,-90.561,NA
1066,29.47,-90.304,LA-GULF
1072,29.47,-90.304,LA-GULF
1066,29.483,-90.881,LA-GULF
1072,29.483,-90.881,LA-GULF
1079,29.483,-90.881,NA
1066,29.493000000000002,-90.794,LA-GULF
1072,29.493000000000002,-90.794,LA-GULF
1079,29.493000000000002,-90.794,NA
1066,29.511,-90.87299999999999,LA-GULF
1072,29.511,-90.87299999999999,LA-GULF
1079,29.511,-90.87299999999999,NA
1066,29.546,-90.71799999999999,LA-GULF
1072,29.546,-90.71799999999999,LA-GULF
1079,29.546,-90.71799999999999,NA
1066,29.546,-90.37799999999999,LA-GULF
1072,29.546,-90.37799999999999,LA-GULF
1066,29.576999999999998,-91.87100000000001,LA-GULF
1067,29.576999999999998,-91.87100000000001,LA-GULF
1066,29.579,-90.23700000000001,LA-GULF
1072,29.579,-90.23700000000001,LA-GULF
1066,29.583000000000002,-90.777,LA-GULF
1072,29.583000000000002,-90.777,LA-GULF
1079,29.583000000000002,-90.777,NA
1066,29.587,-90.889,LA-GULF
1072,29.587,-90.889,LA-GULF
1079,29.587,-90.889,NA
1066,29.618000000000002,-90.53200000000001,LA-GULF
1072,29.618000000000002,-90.53200000000001,LA-GULF
1066,29.62,-90.64399999999999,LA-GULF
1072,29.62,-90.64399999999999,LA-GULF
1066,29.728,-90.641,LA-GULF
1072,29.728,-90.641,LA-GULF
1066,29.735,-90.869,LA-GULF
1072,29.735,-90.869,LA-GULF
1079,29.735,-90.869,NA
1066,29.755,-90.786,LA-GULF
1072,29.755,-90.786,LA-GULF
1066,29.793000000000003,-90.74,LA-GULF
1072,29.793000000000003,-90.74,LA-GULF
1066,29.866999999999997,-90.506,LA-GULF
1066,29.895,-90.62700000000001,LA-GULF
1066,29.898000000000003,-90.459,LA-GULF
1066,30.105999999999998,-91.29799999999999,LA-GULF
1067,30.105999999999998,-91.29799999999999,LA-GULF
1078,30.105999999999998,-91.29799999999999,NA
1088,30.105999999999998,-91.29799999999999,NA
1066,30.108,-91.318,LA-GULF
1067,30.108,-91.318,LA-GULF
1078,30.108,-91.318,NA
1088,30.108,-91.318,NA
1066,30.109,-91.227,LA-GULF
1067,30.109,-91.227,LA-GULF
1078,30.109,-91.227,NA
1088,30.109,-91.227,NA
1066,30.128,-92.454,LA-N
1067,30.128,-92.454,LA-N
1068,30.128,-92.454,LA-N
1066,30.145,-91.432,LA-GULF
1067,30.145,-91.432,LA-GULF
1078,30.145,-91.432,NA
1088,30.145,-91.432,NA
1066,30.148000000000003,-91.39200000000001,LA-GULF
1067,30.148000000000003,-91.39200000000001,LA-GULF
1078,30.148000000000003,-91.39200000000001,NA
1088,30.148000000000003,-91.39200000000001,NA
1066,30.149,-90.664,LA-GULF
1077,30.149,-90.664,LA-GULF
1066,30.160999999999998,-91.575,LA-GULF
1067,30.160999999999998,-91.575,LA-GULF
1072,30.160999999999998,-91.575,LA-GULF
1078,30.160999999999998,-91.575,NA
1066,30.163,-92.544,LA-GULF
1067,30.163,-92.544,LA-GULF
1068,30.163,-92.544,LA-GULF
1066,30.217,-91.42399999999999,LA-GULF
1067,30.217,-91.42399999999999,LA-GULF
1078,30.217,-91.42399999999999,NA
1088,30.217,-91.42399999999999,NA
1066,30.225,-91.694,LA-GULF
1067,30.225,-91.694,LA-GULF
1068,30.225,-91.694,LA-GULF
1072,30.225,-91.694,LA-GULF
1066,30.230999999999998,-89.833,LA-GULF
1067,30.230999999999998,-89.833,LA-GULF
1069,30.230999999999998,-89.833,LA-GULF
1075,30.230999999999998,-89.833,LA-GULF
1066,30.24,-91.381,LA-GULF
1067,30.24,-91.381,LA-GULF
1078,30.24,-91.381,NA
1088,30.24,-91.381,NA
1066,30.244,-91.271,LA-GULF
1067,30.244,-91.271,LA-GULF
1078,30.244,-91.271,NA
1088,30.244,-91.271,NA
1066,30.25,-91.225,LA-GULF
1067,30.25,-91.225,LA-GULF
1078,30.25,-91.225,NA
1088,30.25,-91.225,NA
1066,30.254,-91.40899999999999,LA-GULF
1067,30.254,-91.40899999999999,LA-GULF
1078,30.254,-91.40899999999999,NA
1088,30.254,-91.40899999999999,NA
1066,30.258000000000003,-89.867,LA-GULF
1067,30.258000000000003,-89.867,LA-GULF
1069,30.258000000000003,-89.867,LA-GULF
1075,30.258000000000003,-89.867,LA-GULF
1066,30.281,-90.821,LA-GULF
1067,30.281,-90.821,LA-GULF
1077,30.281,-90.821,LA-GULF
1066,30.285999999999998,-90.667,LA-GULF
1067,30.285999999999998,-90.667,LA-GULF
1077,30.285999999999998,-90.667,LA-GULF
1066,30.29,-90.745,LA-GULF
1067,30.29,-90.745,LA-GULF
1077,30.29,-90.745,LA-GULF
1066,30.296,-91.84299999999999,LA-GULF
1067,30.296,-91.84299999999999,LA-GULF
1068,30.296,-91.84299999999999,LA-GULF
1072,30.296,-91.84299999999999,LA-GULF
1066,30.311,-92.53399999999999,LA-N
1067,30.311,-92.53399999999999,LA-N
1068,30.311,-92.53399999999999,LA-N
1066,30.311,-91.296,LA-GULF
1067,30.311,-91.296,LA-GULF
1078,30.311,-91.296,NA
1088,30.311,-91.296,NA
1066,30.315,-90.291,LA-GULF
1067,30.315,-90.291,LA-GULF
1075,30.315,-90.291,NA
1066,30.316999999999997,-91.449,LA-GULF
1067,30.316999999999997,-91.449,LA-GULF
1078,30.316999999999997,-91.449,NA
1088,30.316999999999997,-91.449,NA
1066,30.318,-91.766,LA-GULF
1067,30.318,-91.766,LA-GULF
1068,30.318,-91.766,LA-GULF
1072,30.318,-91.766,LA-GULF
1066,30.331,-92.40700000000001,LA-N
1067,30.331,-92.40700000000001,LA-N
1068,30.331,-92.40700000000001,LA-N
1069,30.331,-92.40700000000001,LA-N
1066,30.335,-90.65100000000001,LA-GULF
1067,30.335,-90.65100000000001,LA-GULF
1077,30.335,-90.65100000000001,LA-GULF
1066,30.345,-91.4,LA-GULF
1067,30.345,-91.4,LA-GULF
1078,30.345,-91.4,NA
1088,30.345,-91.4,NA
1066,30.346,-91.458,LA-GULF
1067,30.346,-91.458,LA-GULF
1078,30.346,-91.458,NA
1088,30.346,-91.458,NA
1066,30.346,-91.113,LA-GULF
1067,30.346,-91.113,LA-GULF
1077,30.346,-91.113,LA-GULF
1066,29.785,-93.454,LA-GULF
1067,29.785,-93.454,LA-GULF
1074,29.785,-93.454,NA
1066,30.103,-92.839,LA-GULF
1067,30.103,-92.839,LA-GULF
1074,30.103,-92.839,NA
1066,30.128,-93.51299999999999,LA-GULF
1067,30.128,-93.51299999999999,LA-GULF
1074,30.128,-93.51299999999999,NA
1084,30.128,-93.51299999999999,NA
1066,30.141,-93.12899999999999,LA-GULF
1067,30.141,-93.12899999999999,LA-GULF
1074,30.141,-93.12899999999999,NA
1084,30.141,-93.12899999999999,NA
1066,30.208000000000002,-93.586,LA-GULF
1067,30.208000000000002,-93.586,LA-GULF
1074,30.208000000000002,-93.586,NA
1084,30.208000000000002,-93.586,NA
1066,30.212,-93.274,LA-GULF
1067,30.212,-93.274,LA-GULF
1074,30.212,-93.274,NA
1084,30.212,-93.274,NA
1066,30.256,-93.694,LA-GULF
1067,30.256,-93.694,LA-GULF
1074,30.256,-93.694,NA
1084,30.256,-93.694,NA
1066,30.287,-92.845,LA-GULF
1067,30.287,-92.845,LA-GULF
1074,30.287,-92.845,NA
1066,30.291999999999998,-93.48,LA-GULF
1067,30.291999999999998,-93.48,LA-GULF
1074,30.291999999999998,-93.48,NA
1084,30.291999999999998,-93.48,NA
1066,30.293000000000003,-93.691,LA-GULF
1067,30.293000000000003,-93.691,LA-GULF
1074,30.293000000000003,-93.691,NA
1084,30.293000000000003,-93.691,NA
1066,30.445,-93.287,LA-GULF
1067,30.445,-93.287,LA-GULF
1069,30.445,-93.287,LA-GULF
1073,30.445,-93.287,LA-GULF
1066,30.461,-93.15299999999999,LA-GULF
1067,30.461,-93.15299999999999,LA-GULF
1069,30.461,-93.15299999999999,LA-GULF
1073,30.461,-93.15299999999999,LA-GULF
1066,30.465,-92.846,LA-GULF
1067,30.465,-92.846,LA-GULF
1069,30.465,-92.846,LA-GULF
1073,30.465,-92.846,LA-GULF
1066,30.479,-93.34700000000001,LA-GULF
1067,30.479,-93.34700000000001,LA-GULF
1069,30.479,-93.34700000000001,LA-GULF
1073,30.479,-93.34700000000001,LA-GULF
1066,30.502,-93.249,LA-GULF
1067,30.502,-93.249,LA-GULF
1073,30.502,-93.249,NA
1066,30.508000000000003,-93.698,EES-TX
1067,30.508000000000003,-93.698,EES-TX
1069,30.508000000000003,-93.698,EES-TX
1073,30.508000000000003,-93.698,EES-TX
1066,30.526,-92.676,LA-N
1067,30.526,-92.676,LA-N
1069,30.526,-92.676,LA-N
1073,30.526,-92.676,LA-N
1066,30.546,-93.56,LA-GULF
1067,30.546,-93.56,LA-GULF
1073,30.546,-93.56,NA
1066,30.566999999999997,-92.68700000000001,LA-N
1067,30.566999999999997,-92.68700000000001,LA-N
1069,30.566999999999997,-92.68700000000001,LA-N
1073,30.566999999999997,-92.68700000000001,LA-N
1066,30.607,-93.542,LA-GULF
1067,30.607,-93.542,LA-GULF
1073,30.607,-93.542,NA
1066,30.715999999999998,-93.262,LA-GULF
1067,30.715999999999998,-93.262,LA-GULF
1069,30.715999999999998,-93.262,LA-GULF
1073,30.715999999999998,-93.262,LA-GULF
1066,30.74,-93.354,LA-GULF
1067,30.74,-93.354,LA-GULF
1073,30.74,-93.354,NA
1066,30.747,-93.15100000000001,LA-GULF
1067,30.747,-93.15100000000001,LA-GULF
1073,30.747,-93.15100000000001,NA
1066,30.759,-92.648,LA-GULF
1067,30.759,-92.648,LA-GULF
1073,30.759,-92.648,NA
1066,30.811,-93.471,LA-GULF
1067,30.811,-93.471,LA-GULF
1073,30.811,-93.471,NA
1066,30.855999999999998,-93.206,LA-GULF
1067,30.855999999999998,-93.206,LA-GULF
1073,30.855999999999998,-93.206,NA
1066,31.105,-92.728,LA-N
1069,31.105,-92.728,LA-N
1073,31.105,-92.728,LA-N
1080,31.105,-92.728,LA-N
1066,31.122,-93.131,LA-GULF
1068,31.122,-93.131,LA-GULF
1073,31.122,-93.131,LA-GULF
2128,31.122,-93.131,LA-GULF
1066,31.224,-92.73700000000001,LA-N
1069,31.224,-92.73700000000001,LA-N
1073,31.224,-92.73700000000001,LA-N
1080,31.224,-92.73700000000001,LA-N
1066,31.493000000000002,-93.524,EES-TX
1068,31.493000000000002,-93.524,EES-TX
2128,31.493000000000002,-93.524,EES-TX
1066,31.523000000000003,-93.74,EES-TX
1068,31.523000000000003,-93.74,EES-TX
2128,31.523000000000003,-93.74,EES-TX
1066,31.706,-92.777,LA-N
1068,31.706,-92.777,LA-N
2128,31.706,-92.777,LA-N
1066,31.838,-92.66,LA-GULF
1068,31.838,-92.66,LA-GULF
2128,31.838,-92.66,LA-GULF
1066,31.874000000000002,-93.206,LA-N
1068,31.874000000000002,-93.206,LA-N
1069,31.874000000000002,-93.206,LA-N
1081,31.874000000000002,-93.206,LA-N
2128,31.874000000000002,-93.206,LA-N
1066,32.106,-92.834,LA-N
1068,32.106,-92.834,LA-N
1066,32.107,-93.374,LA-N
1068,32.107,-93.374,LA-N
1069,32.107,-93.374,LA-N
2128,32.107,-93.374,LA-N
1066,32.158,-92.62700000000001,LA-N
1070,32.158,-92.62700000000001,LA-N
1066,32.524,-93.59200000000001,LA-N
1068,32.524,-93.59200000000001,LA-N
2128,32.524,-93.59200000000001,LA-N
1068,30.493000000000002,-92.51799999999999,LA-N
1069,30.493000000000002,-92.51799999999999,LA-N
1068,30.613000000000003,-92.275,LA-N
1069,30.613000000000003,-92.275,LA-N
1068,30.685,-92.29899999999999,LA-N
1069,30.685,-92.29899999999999,LA-N
1068,30.73,-92.516,LA-N
1069,30.73,-92.516,LA-N
1068,30.733,-92.29700000000001,LA-N
1069,30.733,-92.29700000000001,LA-N
1068,30.759,-92.45299999999999,LA-N
1069,30.759,-92.45299999999999,LA-N
1068,30.855999999999998,-92.552,LA-N
1069,30.855999999999998,-92.552,LA-N
1068,32.319,-93.62700000000001,LA-N
1085,32.319,-93.62700000000001,NA
2128,32.319,-93.62700000000001,NA
1069,29.793000000000003,-91.715,LA-GULF
1072,29.793000000000003,-91.715,LA-GULF
1077,30.22,-90.55,LA-GULF
1077,30.324,-90.501,LA-GULF
1077,30.324,-90.495,LA-GULF
1077,30.340999999999998,-90.48299999999999,LA-GULF
1163,42.68,-85.23299999999999,CONS
1165,42.68,-85.23299999999999,NA
1163,42.685,-85.28299999999999,CONS
1165,42.685,-85.28299999999999,NA
1163,42.74,-83.762,CONS
1163,42.82,-84.206,CONS
1163,42.821999999999996,-83.675,CONS
1163,42.828,-83.686,CONS
1163,42.878,-85.439,CONS
1164,42.878,-85.439,CONS
1163,42.89,-83.561,CONS
1163,42.894,-83.868,CONS
1163,43.111000000000004,-85.54,CONS
1164,43.111000000000004,-85.54,CONS
1163,43.169,-84.51,CONS
1165,43.169,-84.51,NA
1163,43.203,-84.46799999999999,CONS
1165,43.203,-84.46799999999999,NA
1163,43.27,-84.414,CONS
1165,43.27,-84.414,NA
1163,43.278999999999996,-84.62200000000001,CONS
1165,43.278999999999996,-84.62200000000001,NA
1163,43.45,-84.181,CONS
1163,43.531000000000006,-83.814,CONS
1163,43.663999999999994,-85.132,CONS
1164,43.663999999999994,-85.132,CONS
1165,43.663999999999994,-85.132,CONS
1174,43.663999999999994,-85.132,CONS
1163,43.718,-84.167,CONS
1163,43.746,-85.508,CONS
1164,43.746,-85.508,CONS
1165,43.746,-85.508,CONS
1169,43.746,-85.508,CONS
1174,43.746,-85.508,CONS
1163,43.751999999999995,-84.314,CONS
1163,43.768,-85.796,CONS
1164,43.768,-85.796,CONS
1165,43.768,-85.796,CONS
1169,43.768,-85.796,CONS
1163,43.861999999999995,-84.57,CONS
1163,44.293,-85.772,CONS
1175,44.293,-85.772,NA
1163,44.294,-85.345,CONS
1164,44.294,-85.345,CONS
1175,44.294,-85.345,CONS
1163,44.451,-85.63600000000001,CONS
1175,44.451,-85.63600000000001,NA
1163,44.521,-84.74799999999999,CONS
1164,44.521,-84.74799999999999,CONS
1165,44.521,-84.74799999999999,CONS
1163,44.784,-84.801,CONS
1164,44.784,-84.801,CONS
1165,44.784,-84.801,CONS
1169,44.784,-84.801,CONS
1163,44.806999999999995,-84.259,CONS
1164,44.806999999999995,-84.259,CONS
1165,44.806999999999995,-84.259,CONS
1169,44.806999999999995,-84.259,CONS
1170,44.806999999999995,-84.259,CONS
1163,44.809,-85.78299999999999,CONS
1164,44.809,-85.78299999999999,CONS
1165,44.809,-85.78299999999999,CONS
1175,44.809,-85.78299999999999,CONS
1163,41.721000000000004,-84.41,CONS
1195,41.721000000000004,-84.41,NA
1163,42.133,-85.405,CONS
1171,42.133,-85.405,CONS
1163,42.168,-85.162,CONS
1163,42.177,-84.72399999999999,CONS
1163,42.203,-85.16,CONS
1163,42.208999999999996,-84.87,CONS
1163,42.21,-85.22,CONS
1163,42.24100000000001,-85.101,CONS
1163,42.25,-85.166,CONS
1163,42.332,-84.36399999999999,CONS
1174,42.332,-84.36399999999999,NA
1163,42.523,-85.795,CONS
1165,42.523,-85.795,NA
1181,42.523,-85.795,NA
1163,42.527,-85.235,CONS
1165,42.527,-85.235,NA
1163,43.528999999999996,-86.258,CONS
1164,43.528999999999996,-86.258,CONS
1165,43.528999999999996,-86.258,CONS
1169,43.528999999999996,-86.258,CONS
1199,43.528999999999996,-86.258,CONS
1164,42.565,-82.6,DECO
1164,42.568000000000005,-83.68799999999999,DECO
1164,42.586999999999996,-82.88799999999999,DECO
1164,42.625,-83.522,DECO
1164,42.653,-82.565,DECO
1164,42.663999999999994,-83.383,DECO
1164,42.751000000000005,-83.205,DECO
1164,42.751999999999995,-83.336,DECO
1164,42.772,-83.575,DECO
1164,42.784,-83.37700000000001,DECO
1164,42.836000000000006,-83.522,DECO
1164,42.879,-83.38,DECO
1164,43.349,-83.11399999999999,DECO
1176,43.349,-83.11399999999999,NA
1164,43.513999999999996,-83.32600000000001,DECO
1176,43.513999999999996,-83.32600000000001,NA
1164,43.625,-83.353,DECO
1176,43.625,-83.353,NA
1164,43.761,-83.435,DECO
1176,43.761,-83.435,NA
1192,43.761,-83.435,NA
1164,42.113,-83.19,DECO
1194,42.113,-83.19,NA
1164,42.125,-83.198,DECO
1194,42.125,-83.198,NA
1164,42.169,-83.211,DECO
1194,42.169,-83.211,NA
1164,42.191,-83.305,DECO
1194,42.191,-83.305,NA
1164,42.214,-83.31299999999999,DECO
1194,42.214,-83.31299999999999,NA
1164,42.24100000000001,-83.191,DECO
1194,42.24100000000001,-83.191,NA
1164,42.243,-83.178,DECO
1194,42.243,-83.178,NA
1164,42.254,-83.155,DECO
1194,42.254,-83.155,NA
1164,42.263000000000005,-83.176,DECO
1194,42.263000000000005,-83.176,NA
1164,42.32,-83.561,DECO
1180,42.32,-83.561,NA
1164,42.346000000000004,-83.86200000000001,DECO
1180,42.346000000000004,-83.86200000000001,NA
1164,42.353,-83.521,DECO
1194,42.353,-83.521,NA
1164,42.381,-83.87,DECO
1180,42.381,-83.87,NA
1164,42.391000000000005,-83.33200000000001,DECO
1194,42.391000000000005,-83.33200000000001,NA
1164,42.403999999999996,-83.624,DECO
1180,42.403999999999996,-83.624,NA
1164,42.413000000000004,-83.152,DECO
1194,42.413000000000004,-83.152,NA
1164,42.42,-83.279,DECO
1194,42.42,-83.279,NA
1164,42.428000000000004,-83.211,DECO
1194,42.428000000000004,-83.211,NA
1164,42.43,-83.8,DECO
1164,42.43899999999999,-83.289,DECO
1194,42.43899999999999,-83.289,NA
1164,42.501999999999995,-83.695,DECO
1164,42.54600000000001,-83.24799999999999,DECO
1164,46.276,-87.296,UPPC
1166,46.276,-87.296,UPPC
1167,46.276,-87.296,UPPC
1168,46.276,-87.296,UPPC
1178,46.276,-87.296,UPPC
2790,46.276,-87.296,UPPC
1164,46.372,-86.449,UPPC
1166,46.372,-86.449,UPPC
1167,46.372,-86.449,UPPC
1168,46.372,-86.449,UPPC
2790,46.372,-86.449,UPPC
1164,46.423,-87.289,UPPC
1166,46.423,-87.289,UPPC
1167,46.423,-87.289,UPPC
1168,46.423,-87.289,UPPC
1178,46.423,-87.289,UPPC
2790,46.423,-87.289,UPPC
1166,45.323,-87.52600000000001,UPPC
1167,45.323,-87.52600000000001,NA
1168,45.323,-87.52600000000001,NA
1186,45.323,-87.52600000000001,NA
1187,45.323,-87.52600000000001,NA
1166,45.355,-87.602,UPPC
1167,45.355,-87.602,NA
1168,45.355,-87.602,NA
1186,45.355,-87.602,NA
1187,45.355,-87.602,NA
1166,45.501000000000005,-87.333,UPPC
1167,45.501000000000005,-87.333,NA
1168,45.501000000000005,-87.333,NA
1186,45.501000000000005,-87.333,NA
1187,45.501000000000005,-87.333,NA
1166,45.521,-87.34200000000001,UPPC
1167,45.521,-87.34200000000001,NA
1168,45.521,-87.34200000000001,NA
1186,45.521,-87.34200000000001,NA
1187,45.521,-87.34200000000001,NA
1166,46.22,-87.73,UPPC
1167,46.22,-87.73,UPPC
1168,46.22,-87.73,UPPC
1193,46.22,-87.73,UPPC
2790,46.22,-87.73,UPPC
1166,46.742,-88.18299999999999,UPPC
1167,46.742,-88.18299999999999,UPPC
1172,46.742,-88.18299999999999,UPPC
1189,46.742,-88.18299999999999,UPPC
1190,46.742,-88.18299999999999,UPPC
2790,46.742,-88.18299999999999,UPPC
1171,41.438,-84.412,CONS
2010,41.438,-84.412,CONS
2050,41.438,-84.412,CONS
2074,41.438,-84.412,CONS
2075,41.438,-84.412,CONS
1171,41.815,-86.536,IN-C
1198,41.815,-86.536,IN-C
1171,41.888000000000005,-86.411,IN-C
1198,41.888000000000005,-86.411,IN-C
1171,42.169,-86.226,IN-C
1198,42.169,-86.226,IN-C
1218,46.25,-96.68,MN-C
1230,46.25,-96.68,MN-C
1694,46.25,-96.68,MN-C
1699,46.25,-96.68,MN-C
1218,46.468999999999994,-96.802,MN-C
1230,46.468999999999994,-96.802,MN-C
1702,46.468999999999994,-96.802,MN-C
1218,46.505,-99.117,MN-C
1693,46.505,-99.117,MN-C
1694,46.505,-99.117,MN-C
1699,46.505,-99.117,NA
1218,46.604,-99.852,MN-C
1693,46.604,-99.852,MN-C
1694,46.604,-99.852,MN-C
1707,46.604,-99.852,MN-C
1218,48.27,-102.314,MN-C
1693,48.27,-102.314,MN-C
1694,48.27,-102.314,MN-C
1695,48.27,-102.314,MN-C
1698,48.27,-102.314,MN-C
1218,48.278,-97.323,MN-C
1696,48.278,-97.323,NA
1715,48.278,-97.323,NA
1218,48.338,-97.51799999999999,MN-C
1696,48.338,-97.51799999999999,NA
1715,48.338,-97.51799999999999,NA
1218,48.544,-98.74700000000001,MN-C
1711,48.544,-98.74700000000001,NA
1218,48.681999999999995,-98.329,MN-C
1711,48.681999999999995,-98.329,NA
1218,48.68899999999999,-101.428,MN-C
1693,48.68899999999999,-101.428,MN-C
1694,48.68899999999999,-101.428,MN-C
1706,48.68899999999999,-101.428,NA
1218,48.876000000000005,-98.72,MN-C
1711,48.876000000000005,-98.72,NA
1219,44.726000000000006,-89.44,ATC
2792,44.726000000000006,-89.44,ATC
2810,44.726000000000006,-89.44,ATC
1219,43.248999999999995,-90.71600000000001,ATC
2795,43.248999999999995,-90.71600000000001,ATC
1219,43.614,-90.385,ATC
2790,43.614,-90.385,ATC
2795,43.614,-90.385,ATC
2813,43.614,-90.385,ATC
2824,43.614,-90.385,ATC
2841,43.614,-90.385,ATC
2842,43.614,-90.385,ATC
1219,43.773,-91.209,MN-NE
2814,43.773,-91.209,MN-NE
2824,43.773,-91.209,MN-NE
1219,43.833,-90.50200000000001,ATC
2793,43.833,-90.50200000000001,ATC
2814,43.833,-90.50200000000001,ATC
2835,43.833,-90.50200000000001,ATC
1219,44.178999999999995,-91.45200000000001,MN-NE
2790,44.178999999999995,-91.45200000000001,MN-NE
2807,44.178999999999995,-91.45200000000001,MN-NE
2852,44.178999999999995,-91.45200000000001,MN-NE
2853,44.178999999999995,-91.45200000000001,MN-NE
1219,44.302,-90.50399999999999,ATC
2790,44.302,-90.50399999999999,ATC
2829,44.302,-90.50399999999999,ATC
1219,44.563,-90.74799999999999,MN-NE
2818,44.563,-90.74799999999999,MN-NE
1219,44.696000000000005,-92.22200000000001,MN-NE
2790,44.696000000000005,-92.22200000000001,MN-NE
2815,44.696000000000005,-92.22200000000001,MN-NE
1219,44.708,-92.181,MN-NE
2790,44.708,-92.181,MN-NE
2815,44.708,-92.181,MN-NE
1219,44.793,-90.723,MN-NE
2818,44.793,-90.723,MN-NE
1219,44.79600000000001,-92.55799999999999,MN-NE
2790,44.79600000000001,-92.55799999999999,MN-NE
2815,44.79600000000001,-92.55799999999999,MN-NE
2865,44.79600000000001,-92.55799999999999,MN-NE
1219,44.797,-89.70700000000001,ATC
2792,44.797,-89.70700000000001,ATC
2810,44.797,-89.70700000000001,ATC
1219,44.821000000000005,-90.241,ATC
2810,44.821000000000005,-90.241,ATC
2818,44.821000000000005,-90.241,ATC
1219,44.875,-89.679,ATC
2792,44.875,-89.679,ATC
2810,44.875,-89.679,ATC
1219,44.887,-91.634,MN-NE
2825,44.887,-91.634,MN-NE
2826,44.887,-91.634,MN-NE
2827,44.887,-91.634,MN-NE
2838,44.887,-91.634,MN-NE
1219,45.18899999999999,-91.301,MN-NE
2825,45.18899999999999,-91.301,MN-NE
2826,45.18899999999999,-91.301,MN-NE
2827,45.18899999999999,-91.301,MN-NE
2846,45.18899999999999,-91.301,MN-NE
1219,45.211999999999996,-92.324,MN-SE
2803,45.211999999999996,-92.324,MN-SE
2854,45.211999999999996,-92.324,MN-SE
1219,45.278999999999996,-92.616,MN-SE
2803,45.278999999999996,-92.616,MN-SE
2816,45.278999999999996,-92.616,MN-SE
1219,45.298,-91.719,MN-NE
2799,45.298,-91.719,MN-NE
2834,45.298,-91.719,MN-NE
1219,45.718,-90.835,MN-NE
2794,45.718,-90.835,MN-NE
2847,45.718,-90.835,MN-NE
1219,45.897,-91.82700000000001,MN-NE
1227,45.897,-91.82700000000001,MN-NE
2799,45.897,-91.82700000000001,MN-NE
1219,44.684,-92.65299999999999,MN-NE
2790,44.684,-92.65299999999999,MN-NE
2815,44.684,-92.65299999999999,MN-NE
2865,44.684,-92.65299999999999,MN-NE
1219,44.824,-92.639,MN-NE
2790,44.824,-92.639,MN-NE
2815,44.824,-92.639,MN-NE
2865,44.824,-92.639,MN-NE
1219,45.288000000000004,-92.639,MN-SE
2803,45.288000000000004,-92.639,MN-SE
2816,45.288000000000004,-92.639,MN-SE
1219,45.321000000000005,-92.62200000000001,MN-SE
2803,45.321000000000005,-92.62200000000001,MN-SE
2816,45.321000000000005,-92.62200000000001,MN-SE
1220,44.126999999999995,-93.461,MN-SE
1220,44.217,-93.411,MN-SE
1220,44.275,-94.85799999999999,MN-SE
1220,44.318999999999996,-92.7,MN-SE
1287,44.318999999999996,-92.7,NA
1220,44.507,-92.86,MN-SE
1287,44.507,-92.86,NA
1220,44.578,-93.79799999999999,MN-SE
1220,44.74,-93.82799999999999,MN-SE
1220,44.742,-93.656,MN-SE
1220,44.791000000000004,-93.846,MN-SE
1220,44.802,-93.844,MN-SE
1220,44.806000000000004,-93.848,MN-SE
1220,44.832,-93.37799999999999,MN-SE
1220,44.839,-93.79,MN-SE
1220,44.886,-93.742,MN-SE
1220,45.166000000000004,-93.539,MN-SE
1220,45.203,-92.794,MN-SE
1220,45.278999999999996,-94.34,MN-SE
1293,45.278999999999996,-94.34,NA
1294,45.278999999999996,-94.34,NA
1220,45.351000000000006,-92.756,MN-SE
1220,45.632,-95.3,MN-SE
1220,45.663999999999994,-94.711,MN-SE
1221,46.775,-92.402,MN-NE
1222,46.775,-92.402,MN-NE
1223,46.775,-92.402,MN-NE
1224,46.775,-92.402,MN-NE
1225,46.775,-92.402,MN-NE
1226,46.775,-92.402,MN-NE
1221,47.70399999999999,-92.39,MN-NE
1222,47.70399999999999,-92.39,MN-NE
1223,47.70399999999999,-92.39,MN-NE
1224,47.70399999999999,-92.39,MN-NE
1225,47.70399999999999,-92.39,MN-NE
1226,47.70399999999999,-92.39,MN-NE
1221,47.858000000000004,-92.427,MN-NE
1222,47.858000000000004,-92.427,MN-NE
1223,47.858000000000004,-92.427,MN-NE
1224,47.858000000000004,-92.427,MN-NE
1225,47.858000000000004,-92.427,MN-NE
1226,47.858000000000004,-92.427,MN-NE
1221,46.431000000000004,-92.713,MN-NE
1221,46.631,-92.87100000000001,MN-NE
1221,47.151,-93.31700000000001,MN-NE
1233,47.151,-93.31700000000001,NA
1234,47.151,-93.31700000000001,NA
1235,47.151,-93.31700000000001,NA
1221,47.16,-92.87700000000001,MN-NE
1222,47.16,-92.87700000000001,MN-NE
1223,47.16,-92.87700000000001,MN-NE
1224,47.16,-92.87700000000001,MN-NE
1225,47.16,-92.87700000000001,MN-NE
1226,47.16,-92.87700000000001,MN-NE
1221,47.497,-93.132,MN-NE
1233,47.497,-93.132,NA
1234,47.497,-93.132,NA
1235,47.497,-93.132,NA
1221,47.808,-92.736,MN-NE
1222,47.808,-92.736,MN-NE
1223,47.808,-92.736,MN-NE
1224,47.808,-92.736,MN-NE
1225,47.808,-92.736,MN-NE
1226,47.808,-92.736,MN-NE
1221,47.876999999999995,-93.25399999999999,MN-NE
1233,47.876999999999995,-93.25399999999999,NA
1234,47.876999999999995,-93.25399999999999,NA
1235,47.876999999999995,-93.25399999999999,NA
1222,46.681000000000004,-92.285,MN-NE
1223,46.681000000000004,-92.285,MN-NE
1224,46.681000000000004,-92.285,MN-NE
1225,46.681000000000004,-92.285,MN-NE
1226,46.681000000000004,-92.285,MN-NE
1240,46.681000000000004,-92.285,MN-NE
1222,46.843999999999994,-92.177,MN-NE
1223,46.843999999999994,-92.177,MN-NE
1224,46.843999999999994,-92.177,MN-NE
1225,46.843999999999994,-92.177,MN-NE
1226,46.843999999999994,-92.177,MN-NE
1240,46.843999999999994,-92.177,MN-NE
1227,46.136,-92.272,MN-NE
2803,46.136,-92.272,MN-NE
1227,46.246,-92.41799999999999,MN-NE
1227,46.333999999999996,-92.286,MN-NE
2794,46.333999999999996,-92.286,MN-NE
1227,46.608000000000004,-92.586,MN-NE
1227,45.599,-93.17399999999999,MN-NE
1227,45.626999999999995,-93.2,MN-NE
1227,45.67100000000001,-93.132,MN-NE
1227,45.673,-93.46600000000001,MN-NE
1227,45.678999999999995,-94.12299999999999,MN-NE
1227,45.718999999999994,-92.631,MN-SE
2803,45.718999999999994,-92.631,MN-SE
1227,45.802,-93.71600000000001,MN-NE
1227,45.832,-93.68,MN-NE
1227,45.833,-93.45299999999999,MN-NE
1227,45.86,-93.605,MN-NE
1227,45.873999999999995,-93.706,MN-NE
1227,45.888999999999996,-93.587,MN-NE
1228,43.505,-92.256,IA-E
1281,43.505,-92.256,NA
1228,43.699,-92.304,IA-E
1281,43.699,-92.304,NA
1229,48.196999999999996,-93.602,MN-NE
1229,48.275,-93.75399999999999,MN-NE
1229,48.375,-93.37200000000001,MN-NE
1229,48.452,-93.78200000000001,MN-NE
1231,48.457,-95.436,MN-NE
1231,48.498000000000005,-95.56700000000001,MN-NE
1231,48.645,-96.383,MN-NE
1232,43.658,-95.236,MN-NE
1232,43.758,-94.46600000000001,MN-NE
1233,47.495,-93.846,NA
1234,47.495,-93.846,NA
1235,47.495,-93.846,NA
1249,47.495,-93.846,MN-NE
1233,47.868,-93.684,NA
1234,47.868,-93.684,NA
1235,47.868,-93.684,NA
1249,47.868,-93.684,MN-NE
1233,47.879,-93.47399999999999,NA
1234,47.879,-93.47399999999999,NA
1235,47.879,-93.47399999999999,NA
1249,47.879,-93.47399999999999,MN-NE
1236,47.305,-94.574,MN-NE
1236,47.345,-94.553,MN-NE
1236,47.82,-94.81200000000001,MN-NE
1238,48.672,-96.682,MN-NE
1240,46.583,-92.381,MN-NE
1240,46.6,-92.50200000000001,MN-NE
1240,46.498000000000005,-92.705,MN-NE
1241,44.11600000000001,-95.83200000000001,MN-NE
1243,46.74,-94.551,MN-NE
1244,48.137,-95.64200000000001,MN-NE
1252,45.508,-95.262,MN-NE
1252,45.544,-95.29,MN-NE
1254,44.17100000000001,-94.154,MN-NE
1255,43.52,-92.626,MN-NE
1255,43.618,-92.723,MN-NE
1256,45.607,-94.834,MN-NE
1256,45.645,-95.15799999999999,MN-NE
1256,45.843,-94.505,MN-NE
1263,45.843,-94.505,NA
1264,45.843,-94.505,NA
1257,46.785,-95.89200000000001,MN-C
1258,45.839,-95.265,MN-NE
1260,46.598,-94.852,MN-NE
1261,43.775,-94.49600000000001,MN-NE
1261,43.839,-94.75200000000001,MN-NE
1265,43.86,-92.294,MN-NE
1269,44.278,-93.76700000000001,NA
1275,44.278,-93.76700000000001,MN-NE
1276,44.278,-93.76700000000001,MN-NE
1269,44.305,-93.83200000000001,NA
1275,44.305,-93.83200000000001,MN-NE
1276,44.305,-93.83200000000001,MN-NE
1269,44.396,-93.58200000000001,NA
1275,44.396,-93.58200000000001,MN-NE
1276,44.396,-93.58200000000001,MN-NE
1269,44.428999999999995,-93.57799999999999,NA
1275,44.428999999999995,-93.57799999999999,MN-NE
1276,44.428999999999995,-93.57799999999999,MN-NE
1269,44.527,-93.675,NA
1275,44.527,-93.675,MN-NE
1276,44.527,-93.675,MN-NE
1269,44.633,-93.866,NA
1275,44.633,-93.866,MN-NE
1271,44.356,-95.773,MN-NE
1271,44.422,-95.874,MN-NE
1272,44.201,-93.105,MN-NE
1272,44.298,-93.34,MN-NE
1272,44.299,-93.51700000000001,MN-NE
1272,44.376999999999995,-93.22,MN-NE
1272,44.403,-93.35700000000001,MN-NE
1272,44.411,-93.352,MN-NE
1272,44.448,-93.36200000000001,MN-NE
1273,45.26,-93.24600000000001,MN-NE
1273,45.363,-93.72200000000001,MN-NE
1273,45.415,-93.302,MN-NE
1273,45.422,-93.316,MN-NE
1273,45.56,-93.64299999999999,MN-NE
1274,44.86,-94.711,MN-NE
1275,44.68,-93.38799999999999,MN-NE
1275,44.751000000000005,-93.695,MN-NE
1275,44.818000000000005,-93.454,MN-NE
1276,44.408,-94.552,MN-NE
1285,44.408,-94.552,MN-NE
1283,44.303999999999995,-95.50299999999999,MN-NE
1283,44.486000000000004,-95.57,MN-NE
1284,45.103,-94.648,MN-NE
1293,45.103,-94.648,NA
1294,45.103,-94.648,NA
1287,44.47,-92.71,NA
1297,44.47,-92.71,MN-NE
1289,45.131,-93.82700000000001,NA
1292,45.131,-93.82700000000001,MN-NE
1289,45.261,-94.171,NA
1292,45.261,-94.171,MN-NE
1295,44.516999999999996,-94.65700000000001,MN-NE
1295,44.726000000000006,-95.119,MN-NE
1295,44.736999999999995,-95.225,MN-NE
1301,44.56100000000001,-93.292,MN-SE
1301,44.618,-92.81700000000001,MN-SE
1301,44.665,-92.875,MN-SE
1301,44.68600000000001,-93.27600000000001,MN-SE
1313,44.818000000000005,-93.59899999999999,MN-SE
1388,38.297,-90.587,MISO-MO
1388,38.326,-90.429,MISO-MO
1388,38.429,-90.39200000000001,MISO-MO
1388,38.474000000000004,-90.73200000000001,MISO-MO
1400,38.474000000000004,-90.73200000000001,MISO-MO
1388,38.476,-90.309,MISO-MO
1388,38.510999999999996,-90.611,MISO-MO
1388,38.531,-90.611,MISO-MO
1388,38.535,-90.46799999999999,MISO-MO
1388,38.571999999999996,-90.786,MISO-MO
1410,38.571999999999996,-90.786,NA
1388,38.598,-91.17200000000001,MISO-MO
1400,38.598,-91.17200000000001,MISO-MO
1410,38.598,-91.17200000000001,MISO-MO
1388,38.611999999999995,-91.17,MISO-MO
1406,38.611999999999995,-91.17,MISO-MO
1388,38.618,-90.21799999999999,MISO-MO
1480,38.618,-90.21799999999999,NA
1388,38.62,-90.53,MISO-MO
1388,38.667,-90.478,MISO-MO
1388,38.668,-90.384,MISO-MO
1388,38.722,-90.45299999999999,MISO-MO
1388,38.747,-90.866,MISO-MO
1406,38.747,-90.866,MISO-MO
1388,38.766,-90.318,MISO-MO
1388,38.782,-90.807,MISO-MO
1406,38.782,-90.807,MISO-MO
1388,38.797,-90.57600000000001,MISO-MO
1406,38.797,-90.57600000000001,MISO-MO
1388,38.806,-90.604,MISO-MO
1406,38.806,-90.604,MISO-MO
1388,38.823,-90.595,MISO-MO
1406,38.823,-90.595,MISO-MO
1388,38.824,-92.303,AECIZ
1437,38.824,-92.303,AECIZ
1442,38.824,-92.303,AECIZ
1388,38.833,-90.795,MISO-MO
1406,38.833,-90.795,MISO-MO
1388,38.874,-90.79799999999999,IL-C
1406,38.874,-90.79799999999999,IL-C
1388,38.875,-90.61399999999999,MISO-MO
1406,38.875,-90.61399999999999,MISO-MO
1388,38.889,-90.446,MISO-MO
1388,39.42,-91.161,IL-C
1433,39.42,-91.161,IL-C
1388,40.204,-91.815,MISO-MO
1414,40.204,-91.815,NA
1388,40.348,-91.831,MISO-MO
1414,40.348,-91.831,NA
1467,40.348,-91.831,NA
1388,40.403,-91.54299999999999,MISO-MO
1414,40.403,-91.54299999999999,NA
1467,40.403,-91.54299999999999,NA
1388,36.673,-89.774,IL-C
1408,36.673,-89.774,IL-C
1388,37.733000000000004,-90.895,MISO-MO
1388,38.141,-90.279,MISO-MO
1388,38.154,-92.376,MISO-MO
1388,38.209,-90.66,MISO-MO
1388,39.418,-94.16,AECIZ
1391,39.418,-94.16,AECIZ
1389,40.288000000000004,-95.353,NA
1427,40.288000000000004,-95.353,NA
1428,40.288000000000004,-95.353,AECIZ
1393,37.1,-90.338,AECIZ
1401,38.1,-92.764,NA
1403,38.1,-92.764,AECIZ
1403,38.27,-92.721,AECIZ
1403,38.760999999999996,-92.81700000000001,AECIZ
1411,39.869,-91.81200000000001,NA
1454,39.869,-91.81200000000001,AECIZ
1419,37.578,-89.678,IL-C
1460,37.578,-89.678,IL-C
1419,37.726,-90.113,IL-C
1420,36.731,-94.307,AECIZ
1454,39.753,-91.889,AECIZ
1469,39.753,-91.889,NA
1470,39.753,-91.889,NA
1474,36.632,-93.58,AECIZ
1517,31.725,-89.63,MISO-MS
1518,31.725,-89.63,MISO-MS
1520,31.725,-89.63,MISO-MS
1547,31.725,-89.63,MISO-MS
1517,33.263000000000005,-89.415,LA-GULF
1517,33.607,-89.58200000000001,MISO-MS
1521,33.607,-89.58200000000001,MISO-MS
1517,33.772,-89.572,MISO-MS
1521,33.772,-89.572,MISO-MS
1517,31.372,-90.631,LA-GULF
1526,31.372,-90.631,LA-GULF
1517,31.638,-90.51700000000001,LA-GULF
1520,31.638,-90.51700000000001,LA-GULF
1517,31.701,-89.729,MISO-MS
1518,31.701,-89.729,MISO-MS
1520,31.701,-89.729,MISO-MS
1547,31.701,-89.729,MISO-MS
1517,31.704,-90.56299999999999,LA-GULF
1520,31.704,-90.56299999999999,LA-GULF
1517,32.26,-90.52799999999999,LA-GULF
1517,32.269,-90.32799999999999,LA-GULF
1517,32.344,-90.779,LA-GULF
1517,32.348,-90.103,LA-GULF
1517,32.389,-90.39,LA-GULF
1517,32.412,-90.615,LA-GULF
1517,32.446999999999996,-90.148,LA-GULF
1524,32.446999999999996,-90.148,LA-GULF
1540,32.446999999999996,-90.148,LA-GULF
1517,32.464,-90.764,LA-GULF
1517,32.474000000000004,-90.492,LA-GULF
1524,32.474000000000004,-90.492,LA-GULF
1517,32.497,-90.23299999999999,LA-GULF
1524,32.497,-90.23299999999999,LA-GULF
1540,32.497,-90.23299999999999,LA-GULF
1517,32.516,-90.859,LA-GULF
1524,32.516,-90.859,LA-GULF
1517,32.585,-90.697,LA-GULF
1524,32.585,-90.697,LA-GULF
1517,32.604,-90.17399999999999,LA-GULF
1524,32.604,-90.17399999999999,LA-GULF
1540,32.604,-90.17399999999999,LA-GULF
1517,32.624,-91.119,LA-GULF
1517,32.659,-90.52799999999999,LA-GULF
1524,32.659,-90.52799999999999,LA-GULF
1539,32.659,-90.52799999999999,LA-GULF
1517,32.67,-90.324,LA-GULF
1524,32.67,-90.324,LA-GULF
1539,32.67,-90.324,LA-GULF
1517,32.677,-90.50399999999999,LA-GULF
1524,32.677,-90.50399999999999,LA-GULF
1539,32.677,-90.50399999999999,LA-GULF
1517,32.722,-90.396,LA-GULF
1524,32.722,-90.396,LA-GULF
1539,32.722,-90.396,LA-GULF
1517,32.735,-90.63799999999999,LA-GULF
1531,32.735,-90.63799999999999,LA-GULF
1539,32.735,-90.63799999999999,LA-GULF
1517,32.746,-90.568,LA-GULF
1531,32.746,-90.568,LA-GULF
1539,32.746,-90.568,LA-GULF
1517,32.753,-90.279,LA-GULF
1524,32.753,-90.279,LA-GULF
1539,32.753,-90.279,LA-GULF
1517,32.778,-90.53,LA-GULF
1524,32.778,-90.53,LA-GULF
1539,32.778,-90.53,LA-GULF
1517,32.781,-90.439,LA-GULF
1524,32.781,-90.439,LA-GULF
1539,32.781,-90.439,LA-GULF
1517,32.824,-89.84,LA-GULF
1540,32.824,-89.84,LA-GULF
1517,33.229,-90.774,LA-GULF
1531,33.229,-90.774,LA-GULF
1517,33.388000000000005,-90.719,LA-GULF
1517,33.445,-90.788,LA-GULF
1521,33.445,-90.788,LA-GULF
1517,33.471,-90.596,LA-GULF
1521,33.471,-90.596,LA-GULF
1517,33.503,-90.859,LA-GULF
1521,33.503,-90.859,LA-GULF
1517,33.711,-90.794,LA-GULF
1521,33.711,-90.794,LA-GULF
1517,34.205,-90.572,LA-GULF
1525,34.205,-90.572,LA-GULF
1544,34.205,-90.572,LA-GULF
1517,34.223,-90.3,LA-GULF
1525,34.223,-90.3,LA-GULF
1517,34.253,-90.648,LA-GULF
1525,34.253,-90.648,LA-GULF
1544,34.253,-90.648,LA-GULF
1517,34.309,-90.45200000000001,LA-GULF
1525,34.309,-90.45200000000001,LA-GULF
1544,34.309,-90.45200000000001,LA-GULF
1517,34.334,-90.568,LA-GULF
1525,34.334,-90.568,LA-GULF
1544,34.334,-90.568,LA-GULF
1517,34.458,-90.464,LA-GULF
1525,34.458,-90.464,LA-GULF
1544,34.458,-90.464,LA-GULF
1517,34.507,-90.12299999999999,LA-GULF
1525,34.507,-90.12299999999999,LA-GULF
1527,34.507,-90.12299999999999,LA-GULF
1517,34.648,-89.81299999999999,LA-GULF
1517,34.71,-90.53200000000001,LA-GULF
1525,34.71,-90.53200000000001,LA-GULF
1517,34.792,-90.375,LA-GULF
1525,34.792,-90.375,LA-GULF
1518,30.43,-89.676,MISO-MS
1532,30.43,-89.676,NA
1518,30.479,-89.13,MISO-MS
1519,30.479,-89.13,MISO-MS
1532,30.479,-89.13,NA
1518,30.592,-89.175,MISO-MS
1519,30.592,-89.175,MISO-MS
1532,30.592,-89.175,NA
1518,30.612,-89.15100000000001,MISO-MS
1519,30.612,-89.15100000000001,MISO-MS
1532,30.612,-89.15100000000001,NA
1518,30.734,-89.251,MISO-MS
1519,30.734,-89.251,MISO-MS
1518,31.116999999999997,-89.155,MISO-MS
1529,31.116999999999997,-89.155,NA
1518,31.121,-89.649,MISO-MS
1529,31.121,-89.649,NA
1518,31.18,-89.649,MISO-MS
1529,31.18,-89.649,NA
1518,31.27,-89.493,MISO-MS
1529,31.27,-89.493,NA
1518,31.355999999999998,-88.836,MISO-MS
1519,31.355999999999998,-88.836,MISO-MS
1518,31.381,-89.286,MISO-MS
1529,31.381,-89.286,NA
1518,31.381,-89.102,MISO-MS
1519,31.381,-89.102,MISO-MS
1529,31.381,-89.102,NA
1518,31.413,-89.479,MISO-MS
1529,31.413,-89.479,NA
1518,31.816999999999997,-88.73,MISO-MS
1519,31.816999999999997,-88.73,MISO-MS
1530,31.816999999999997,-88.73,NA
1518,32.453,-89.113,MISO-MS
1520,32.453,-89.113,MISO-MS
1518,31.305,-89.706,MISO-MS
1529,31.305,-89.706,NA
1521,33.728,-89.344,MISO-MS
1536,33.728,-89.344,MISO-MS
1521,33.768,-89.42200000000001,MISO-MS
1536,33.768,-89.42200000000001,MISO-MS
1523,33.274,-89.20299999999999,MISO-MS
1536,33.594,-89.24,MISO-MS
1578,48.602,-105.889,MN-C
1693,46.161,-100.713,MN-C
1694,46.161,-100.713,MN-C
1701,46.161,-100.713,MN-C
1693,46.199,-100.685,MN-C
1694,46.199,-100.685,MN-C
1701,46.199,-100.685,MN-C
1693,46.206,-101.14200000000001,MN-C
1694,46.206,-101.14200000000001,MN-C
1701,46.206,-101.14200000000001,MN-C
1693,46.39,-100.58,MN-C
1694,46.39,-100.58,MN-C
1701,46.39,-100.58,MN-C
1693,48.853,-102.119,MN-C
1694,48.853,-102.119,MN-C
1695,48.853,-102.119,MN-C
1698,48.853,-102.119,MN-C
1736,42.268,-96.34899999999999,MN-C
1763,42.268,-96.34899999999999,MN-C
1764,42.268,-96.34899999999999,MN-C
1851,42.268,-96.34899999999999,MN-C
1852,42.268,-96.34899999999999,MN-C
1999,41.115,-84.272,CONS
2008,41.115,-84.272,CONS
2009,41.115,-84.272,CONS
2005,37.759,-82.635,IN-S
2010,41.506,-83.24799999999999,DECO
2094,41.506,-83.24799999999999,DECO
2011,39.326,-84.46799999999999,IN-S
2069,39.326,-84.46799999999999,IN-S
2361,43.67,-96.177,MN-NE
2361,44.123000000000005,-96.21,MN-NE
2423,36.828,-85.365,IN-S
2425,35.522,-89.39,MISO-MO
2438,35.281,-89.441,MISO-MO
2507,29.660999999999998,-94.145,EES-TX
2507,30.101,-95.48899999999999,EES-TX
2514,30.101,-95.48899999999999,NA
2547,30.101,-95.48899999999999,NA
2507,30.131999999999998,-93.844,EES-TX
2566,30.131999999999998,-93.844,NA
2507,30.138,-95.271,EES-TX
2514,30.138,-95.271,NA
2524,30.138,-95.271,NA
2559,30.138,-95.271,NA
2507,30.165,-95.305,EES-TX
2514,30.165,-95.305,NA
2524,30.165,-95.305,NA
2559,30.165,-95.305,NA
2507,30.166999999999998,-94.169,EES-TX
2507,30.188000000000002,-94.257,EES-TX
2524,30.188000000000002,-94.257,NA
2507,30.189,-95.875,EES-TX
2514,30.189,-95.875,NA
2547,30.189,-95.875,NA
2559,30.189,-95.875,NA
2507,30.201,-93.875,EES-TX
2566,30.201,-93.875,NA
2507,30.209,-95.367,EES-TX
2514,30.209,-95.367,NA
2524,30.209,-95.367,NA
2559,30.209,-95.367,NA
2507,30.238000000000003,-95.15799999999999,EES-TX
2514,30.238000000000003,-95.15799999999999,NA
2524,30.238000000000003,-95.15799999999999,NA
2559,30.238000000000003,-95.15799999999999,NA
2507,30.314,-94.708,EES-TX
2514,30.314,-94.708,NA
2524,30.314,-94.708,NA
2568,30.314,-94.708,NA
2507,30.351,-95.54,EES-TX
2514,30.351,-95.54,NA
2524,30.351,-95.54,NA
2559,30.351,-95.54,NA
2507,30.379,-94.191,EES-TX
2524,30.379,-94.191,NA
2507,30.421999999999997,-95.73,EES-TX
2514,30.421999999999997,-95.73,NA
2524,30.421999999999997,-95.73,NA
2559,30.421999999999997,-95.73,NA
2507,30.427,-95.486,EES-TX
2514,30.427,-95.486,NA
2524,30.427,-95.486,NA
2559,30.427,-95.486,NA
2507,30.474,-95.31299999999999,EES-TX
2524,30.474,-95.31299999999999,NA
2507,30.511999999999997,-94.676,EES-TX
2524,30.511999999999997,-94.676,NA
2568,30.511999999999997,-94.676,NA
2507,30.511999999999997,-93.736,EES-TX
2538,30.511999999999997,-93.736,NA
2566,30.511999999999997,-93.736,NA
2582,30.511999999999997,-93.736,NA
2507,30.524,-94.76899999999999,EES-TX
2524,30.524,-94.76899999999999,NA
2568,30.524,-94.76899999999999,NA
2507,30.544,-94.814,EES-TX
2524,30.544,-94.814,NA
2568,30.544,-94.814,NA
2507,30.566,-95.234,EES-TX
2524,30.566,-95.234,NA
2507,30.594,-95.80799999999999,EES-TX
2514,30.594,-95.80799999999999,NA
2524,30.594,-95.80799999999999,NA
2559,30.594,-95.80799999999999,NA
2507,30.686,-93.834,EES-TX
2538,30.686,-93.834,NA
2566,30.686,-93.834,NA
2582,30.686,-93.834,NA
2507,30.706999999999997,-95.34,EES-TX
2524,30.706999999999997,-95.34,NA
2507,30.708000000000002,-96.626,EES-TX
2515,30.708000000000002,-96.626,NA
2558,30.708000000000002,-96.626,NA
2593,30.708000000000002,-96.626,NA
2507,30.735,-93.661,EES-TX
2538,30.735,-93.661,NA
2566,30.735,-93.661,NA
2582,30.735,-93.661,NA
2507,30.737,-95.744,EES-TX
2524,30.737,-95.744,NA
2528,30.737,-95.744,NA
2559,30.737,-95.744,NA
2507,30.743000000000002,-93.757,EES-TX
2538,30.743000000000002,-93.757,NA
2566,30.743000000000002,-93.757,NA
2582,30.743000000000002,-93.757,NA
2507,30.803,-94.131,EES-TX
2524,30.803,-94.131,NA
2538,30.803,-94.131,NA
2566,30.803,-94.131,NA
2568,30.803,-94.131,NA
2577,30.803,-94.131,NA
2507,30.831999999999997,-95.12,EES-TX
2524,30.831999999999997,-95.12,NA
2568,30.831999999999997,-95.12,NA
2507,30.834,-94.494,EES-TX
2524,30.834,-94.494,NA
2507,30.886,-93.579,EES-TX
2538,30.886,-93.579,NA
2566,30.886,-93.579,NA
2582,30.886,-93.579,NA
2790,42.516999999999996,-89.51100000000001,ATC
2793,42.516999999999996,-89.51100000000001,ATC
2795,42.516999999999996,-89.51100000000001,ATC
2796,42.516999999999996,-89.51100000000001,ATC
2819,42.516999999999996,-89.51100000000001,ATC
2871,42.516999999999996,-89.51100000000001,ATC
2872,42.516999999999996,-89.51100000000001,ATC
2790,42.571000000000005,-89.648,ATC
2793,42.571000000000005,-89.648,ATC
2795,42.571000000000005,-89.648,ATC
2796,42.571000000000005,-89.648,ATC
2819,42.571000000000005,-89.648,ATC
2871,42.571000000000005,-89.648,ATC
2872,42.571000000000005,-89.648,ATC
2790,42.6,-89.568,ATC
2793,42.6,-89.568,ATC
2795,42.6,-89.568,ATC
2796,42.6,-89.568,ATC
2819,42.6,-89.568,ATC
2871,42.6,-89.568,ATC
2872,42.6,-89.568,ATC
2790,42.618,-89.59899999999999,ATC
2793,42.618,-89.59899999999999,ATC
2795,42.618,-89.59899999999999,ATC
2796,42.618,-89.59899999999999,ATC
2819,42.618,-89.59899999999999,ATC
2871,42.618,-89.59899999999999,ATC
2872,42.618,-89.59899999999999,ATC
2790,42.635,-89.678,ATC
2793,42.635,-89.678,ATC
2795,42.635,-89.678,ATC
2796,42.635,-89.678,ATC
2819,42.635,-89.678,ATC
2871,42.635,-89.678,ATC
2872,42.635,-89.678,ATC
2790,42.65,-89.29,ATC
2796,42.65,-89.29,ATC
2801,42.65,-89.29,ATC
2819,42.65,-89.29,ATC
2790,42.871,-88.391,ATC
2791,42.871,-88.391,ATC
2873,42.871,-88.391,ATC
2790,42.882,-88.37200000000001,ATC
2791,42.882,-88.37200000000001,ATC
2873,42.882,-88.37200000000001,ATC
2790,43.105,-89.314,ATC
2793,43.105,-89.314,ATC
2796,43.105,-89.314,ATC
2800,43.105,-89.314,ATC
2801,43.105,-89.314,ATC
2820,43.105,-89.314,ATC
2821,43.105,-89.314,ATC
2880,43.105,-89.314,ATC
2790,43.141999999999996,-89.596,ATC
2793,43.141999999999996,-89.596,ATC
2796,43.141999999999996,-89.596,ATC
2800,43.141999999999996,-89.596,ATC
2801,43.141999999999996,-89.596,ATC
2820,43.141999999999996,-89.596,ATC
2821,43.141999999999996,-89.596,ATC
2880,43.141999999999996,-89.596,ATC
2790,43.146,-88.79799999999999,ATC
2791,43.146,-88.79799999999999,ATC
2869,43.146,-88.79799999999999,ATC
2870,43.146,-88.79799999999999,ATC
2790,43.162,-89.596,ATC
2793,43.162,-89.596,ATC
2796,43.162,-89.596,ATC
2800,43.162,-89.596,ATC
2801,43.162,-89.596,ATC
2820,43.162,-89.596,ATC
2821,43.162,-89.596,ATC
2880,43.162,-89.596,ATC
2790,43.25,-89.262,ATC
2793,43.25,-89.262,ATC
2796,43.25,-89.262,ATC
2800,43.25,-89.262,ATC
2801,43.25,-89.262,ATC
2820,43.25,-89.262,ATC
2821,43.25,-89.262,ATC
2790,43.266999999999996,-89.301,ATC
2793,43.266999999999996,-89.301,ATC
2796,43.266999999999996,-89.301,ATC
2800,43.266999999999996,-89.301,ATC
2801,43.266999999999996,-89.301,ATC
2820,43.266999999999996,-89.301,ATC
2821,43.266999999999996,-89.301,ATC
2790,43.286,-88.35600000000001,ATC
2791,43.286,-88.35600000000001,ATC
2817,43.286,-88.35600000000001,ATC
2877,43.286,-88.35600000000001,ATC
2790,43.321999999999996,-88.124,MN-NE
2791,43.321999999999996,-88.124,MN-NE
2817,43.321999999999996,-88.124,MN-NE
2877,43.321999999999996,-88.124,MN-NE
2790,43.348,-88.726,ATC
2791,43.348,-88.726,ATC
2808,43.348,-88.726,ATC
2817,43.348,-88.726,ATC
2836,43.348,-88.726,ATC
2837,43.348,-88.726,ATC
2790,43.35,-88.60700000000001,ATC
2808,43.35,-88.60700000000001,ATC
2817,43.35,-88.60700000000001,ATC
2836,43.35,-88.60700000000001,ATC
2837,43.35,-88.60700000000001,ATC
2790,43.361999999999995,-89.11200000000001,ATC
2793,43.361999999999995,-89.11200000000001,ATC
2798,43.361999999999995,-89.11200000000001,ATC
2806,43.361999999999995,-89.11200000000001,ATC
2848,43.361999999999995,-89.11200000000001,ATC
2849,43.361999999999995,-89.11200000000001,ATC
2790,43.375,-89.588,ATC
2793,43.375,-89.588,ATC
2798,43.375,-89.588,ATC
2848,43.375,-89.588,ATC
2849,43.375,-89.588,ATC
2790,43.382,-89.361,ATC
2793,43.382,-89.361,ATC
2798,43.382,-89.361,ATC
2848,43.382,-89.361,ATC
2849,43.382,-89.361,ATC
2790,43.388999999999996,-88.853,ATC
2791,43.388999999999996,-88.853,ATC
2808,43.388999999999996,-88.853,ATC
2817,43.388999999999996,-88.853,ATC
2836,43.388999999999996,-88.853,ATC
2837,43.388999999999996,-88.853,ATC
2790,43.413000000000004,-88.802,ATC
2793,43.413000000000004,-88.802,ATC
2808,43.413000000000004,-88.802,ATC
2817,43.413000000000004,-88.802,ATC
2836,43.413000000000004,-88.802,ATC
2837,43.413000000000004,-88.802,ATC
2790,43.473,-88.116,MN-NE
2791,43.473,-88.116,MN-NE
2817,43.473,-88.116,MN-NE
2877,43.473,-88.116,MN-NE
2790,43.474,-88.102,MN-NE
2791,43.474,-88.102,MN-NE
2817,43.474,-88.102,MN-NE
2877,43.474,-88.102,MN-NE
2790,43.483999999999995,-89.598,ATC
2793,43.483999999999995,-89.598,ATC
2798,43.483999999999995,-89.598,ATC
2848,43.483999999999995,-89.598,ATC
2849,43.483999999999995,-89.598,ATC
2790,43.486000000000004,-88.102,MN-NE
2791,43.486000000000004,-88.102,MN-NE
2817,43.486000000000004,-88.102,MN-NE
2877,43.486000000000004,-88.102,MN-NE
2790,43.519,-89.387,ATC
2793,43.519,-89.387,ATC
2798,43.519,-89.387,ATC
2848,43.519,-89.387,ATC
2849,43.519,-89.387,ATC
2790,43.519,-89.113,ATC
2798,43.519,-89.113,ATC
2806,43.519,-89.113,ATC
2848,43.519,-89.113,ATC
2849,43.519,-89.113,ATC
2790,43.536,-89.48299999999999,ATC
2793,43.536,-89.48299999999999,ATC
2798,43.536,-89.48299999999999,ATC
2848,43.536,-89.48299999999999,ATC
2849,43.536,-89.48299999999999,ATC
2790,43.552,-89.54299999999999,ATC
2798,43.552,-89.54299999999999,ATC
2806,43.552,-89.54299999999999,ATC
2848,43.552,-89.54299999999999,ATC
2849,43.552,-89.54299999999999,ATC
2790,43.583,-88.223,MN-NE
2791,43.583,-88.223,MN-NE
2808,43.583,-88.223,MN-NE
2790,43.589,-88.88,ATC
2793,43.589,-88.88,ATC
2808,43.589,-88.88,ATC
2817,43.589,-88.88,ATC
2836,43.589,-88.88,ATC
2837,43.589,-88.88,ATC
2790,43.597,-89.59700000000001,ATC
2798,43.597,-89.59700000000001,ATC
2806,43.597,-89.59700000000001,ATC
2848,43.597,-89.59700000000001,ATC
2849,43.597,-89.59700000000001,ATC
2790,43.6,-89.3,ATC
2793,43.6,-89.3,ATC
2798,43.6,-89.3,ATC
2806,43.6,-89.3,ATC
2848,43.6,-89.3,ATC
2849,43.6,-89.3,ATC
2790,43.629,-88.729,ATC
2793,43.629,-88.729,ATC
2808,43.629,-88.729,ATC
2817,43.629,-88.729,ATC
2836,43.629,-88.729,ATC
2837,43.629,-88.729,ATC
2790,43.633,-88.714,ATC
2793,43.633,-88.714,ATC
2808,43.633,-88.714,ATC
2817,43.633,-88.714,ATC
2836,43.633,-88.714,ATC
2837,43.633,-88.714,ATC
2790,43.699,-88.794,ATC
2793,43.699,-88.794,ATC
2808,43.699,-88.794,ATC
2790,43.7,-88.26299999999999,MN-NE
2793,43.7,-88.26299999999999,MN-NE
2808,43.7,-88.26299999999999,MN-NE
2790,43.736000000000004,-88.58200000000001,MN-NE
2793,43.736000000000004,-88.58200000000001,MN-NE
2808,43.736000000000004,-88.58200000000001,MN-NE
2790,43.748000000000005,-88.26100000000001,MN-NE
2793,43.748000000000005,-88.26100000000001,MN-NE
2808,43.748000000000005,-88.26100000000001,MN-NE
2790,43.756,-87.87,MN-NE
2790,43.83,-88.82799999999999,ATC
2793,43.83,-88.82799999999999,ATC
2808,43.83,-88.82799999999999,ATC
2790,43.895,-88.29700000000001,MN-NE
2791,43.895,-88.29700000000001,MN-NE
2808,43.895,-88.29700000000001,MN-NE
2790,44.122,-88.193,MN-NE
2792,44.122,-88.193,MN-NE
2830,44.122,-88.193,MN-NE
2790,44.166000000000004,-88.33200000000001,MN-NE
2791,44.166000000000004,-88.33200000000001,MN-NE
2830,44.166000000000004,-88.33200000000001,MN-NE
2790,44.17,-88.39299999999999,MN-NE
2791,44.17,-88.39299999999999,MN-NE
2830,44.17,-88.39299999999999,MN-NE
2790,44.173,-88.76299999999999,ATC
2791,44.173,-88.76299999999999,ATC
2830,44.173,-88.76299999999999,ATC
2790,44.236999999999995,-88.255,MN-NE
2791,44.236999999999995,-88.255,MN-NE
2830,44.236999999999995,-88.255,MN-NE
2790,44.256,-88.26,MN-NE
2791,44.256,-88.26,MN-NE
2812,44.256,-88.26,MN-NE
2858,44.256,-88.26,MN-NE
2790,44.271,-88.20299999999999,MN-NE
2791,44.271,-88.20299999999999,MN-NE
2812,44.271,-88.20299999999999,MN-NE
2858,44.271,-88.20299999999999,MN-NE
2790,44.275,-88.759,ATC
2791,44.275,-88.759,ATC
2812,44.275,-88.759,ATC
2790,44.277,-88.23200000000001,MN-NE
2812,44.277,-88.23200000000001,MN-NE
2858,44.277,-88.23200000000001,MN-NE
2790,44.29600000000001,-88.634,MN-NE
2791,44.29600000000001,-88.634,MN-NE
2812,44.29600000000001,-88.634,MN-NE
2858,44.29600000000001,-88.634,MN-NE
2790,44.305,-88.699,ATC
2791,44.305,-88.699,ATC
2812,44.305,-88.699,ATC
2858,44.305,-88.699,ATC
2790,44.398,-88.508,MN-NE
2791,44.398,-88.508,MN-NE
2812,44.398,-88.508,MN-NE
2858,44.398,-88.508,MN-NE
2790,44.468999999999994,-88.676,ATC
2791,44.468999999999994,-88.676,ATC
2812,44.468999999999994,-88.676,ATC
2858,44.468999999999994,-88.676,ATC
2790,44.47,-88.589,ATC
2791,44.47,-88.589,ATC
2812,44.47,-88.589,ATC
2858,44.47,-88.589,ATC
2790,44.493,-87.53299999999999,ATC
2792,44.493,-87.53299999999999,ATC
2879,44.493,-87.53299999999999,ATC
2790,44.498999999999995,-87.52799999999999,ATC
2792,44.498999999999995,-87.52799999999999,ATC
2879,44.498999999999995,-87.52799999999999,ATC
2790,44.54600000000001,-88.194,ATC
2791,44.54600000000001,-88.194,ATC
2812,44.54600000000001,-88.194,ATC
2858,44.54600000000001,-88.194,ATC
2790,44.56100000000001,-87.759,ATC
2792,44.56100000000001,-87.759,ATC
2879,44.56100000000001,-87.759,ATC
2790,44.605,-87.58200000000001,ATC
2792,44.605,-87.58200000000001,ATC
2879,44.605,-87.58200000000001,ATC
2790,44.615,-87.726,ATC
2792,44.615,-87.726,ATC
2879,44.615,-87.726,ATC
2790,44.73,-88.177,ATC
2792,44.73,-88.177,ATC
2790,42.556999999999995,-90.571,MEC
2795,42.556999999999995,-90.571,MEC
2797,42.556999999999995,-90.571,MEC
2804,42.556999999999995,-90.571,MEC
2805,42.556999999999995,-90.571,MEC
2823,42.556999999999995,-90.571,MEC
2790,42.621,-90.625,ATC
2795,42.621,-90.625,ATC
2797,42.621,-90.625,ATC
2804,42.621,-90.625,ATC
2805,42.621,-90.625,ATC
2823,42.621,-90.625,ATC
2790,42.703,-89.85700000000001,ATC
2795,42.703,-89.85700000000001,ATC
2804,42.703,-89.85700000000001,ATC
2805,42.703,-89.85700000000001,ATC
2861,42.703,-89.85700000000001,ATC
2862,42.703,-89.85700000000001,ATC
2863,42.703,-89.85700000000001,ATC
2864,42.703,-89.85700000000001,ATC
2790,43.119,-89.81200000000001,ATC
2793,43.119,-89.81200000000001,ATC
2796,43.119,-89.81200000000001,ATC
2800,43.119,-89.81200000000001,ATC
2801,43.119,-89.81200000000001,ATC
2820,43.119,-89.81200000000001,ATC
2821,43.119,-89.81200000000001,ATC
2790,43.141999999999996,-90.641,ATC
2795,43.141999999999996,-90.641,ATC
2797,43.141999999999996,-90.641,ATC
2804,43.141999999999996,-90.641,ATC
2805,43.141999999999996,-90.641,ATC
2823,43.141999999999996,-90.641,ATC
2790,43.143,-89.819,ATC
2793,43.143,-89.819,ATC
2796,43.143,-89.819,ATC
2800,43.143,-89.819,ATC
2801,43.143,-89.819,ATC
2820,43.143,-89.819,ATC
2821,43.143,-89.819,ATC
2790,43.158,-89.816,ATC
2793,43.158,-89.816,ATC
2796,43.158,-89.816,ATC
2800,43.158,-89.816,ATC
2801,43.158,-89.816,ATC
2820,43.158,-89.816,ATC
2821,43.158,-89.816,ATC
2790,43.166000000000004,-89.698,ATC
2793,43.166000000000004,-89.698,ATC
2796,43.166000000000004,-89.698,ATC
2800,43.166000000000004,-89.698,ATC
2801,43.166000000000004,-89.698,ATC
2820,43.166000000000004,-89.698,ATC
2821,43.166000000000004,-89.698,ATC
2790,43.233999999999995,-89.723,ATC
2793,43.233999999999995,-89.723,ATC
2796,43.233999999999995,-89.723,ATC
2800,43.233999999999995,-89.723,ATC
2801,43.233999999999995,-89.723,ATC
2820,43.233999999999995,-89.723,ATC
2821,43.233999999999995,-89.723,ATC
2790,43.271,-89.689,ATC
2793,43.271,-89.689,ATC
2796,43.271,-89.689,ATC
2800,43.271,-89.689,ATC
2801,43.271,-89.689,ATC
2820,43.271,-89.689,ATC
2821,43.271,-89.689,ATC
2790,43.31399999999999,-89.83200000000001,ATC
2793,43.31399999999999,-89.83200000000001,ATC
2798,43.31399999999999,-89.83200000000001,ATC
2839,43.31399999999999,-89.83200000000001,ATC
2840,43.31399999999999,-89.83200000000001,ATC
2790,43.434,-89.84200000000001,ATC
2793,43.434,-89.84200000000001,ATC
2798,43.434,-89.84200000000001,ATC
2839,43.434,-89.84200000000001,ATC
2840,43.434,-89.84200000000001,ATC
2790,43.458,-89.822,ATC
2793,43.458,-89.822,ATC
2798,43.458,-89.822,ATC
2839,43.458,-89.822,ATC
2840,43.458,-89.822,ATC
2790,43.602,-89.73700000000001,ATC
2793,43.602,-89.73700000000001,ATC
2798,43.602,-89.73700000000001,ATC
2848,43.602,-89.73700000000001,ATC
2849,43.602,-89.73700000000001,ATC
2790,43.628,-89.88799999999999,ATC
2793,43.628,-89.88799999999999,ATC
2798,43.628,-89.88799999999999,ATC
2839,43.628,-89.88799999999999,ATC
2840,43.628,-89.88799999999999,ATC
2791,42.699,-88.369,ATC
2796,42.699,-88.369,ATC
2791,42.761,-88.241,ATC
2791,44.683,-88.29299999999999,ATC
2831,44.683,-88.29299999999999,NA
2832,44.683,-88.29299999999999,NA
2833,44.683,-88.29299999999999,NA
2791,44.781000000000006,-88.26899999999999,ATC
2831,44.781000000000006,-88.26899999999999,NA
2832,44.781000000000006,-88.26899999999999,NA
2833,44.781000000000006,-88.26899999999999,NA
2791,44.805,-88.436,ATC
2831,44.805,-88.436,NA
2832,44.805,-88.436,NA
2833,44.805,-88.436,NA
2791,44.839,-88.47399999999999,ATC
2831,44.839,-88.47399999999999,NA
2832,44.839,-88.47399999999999,NA
2833,44.839,-88.47399999999999,NA
2792,44.386,-89.345,ATC
2793,44.386,-89.345,ATC
2809,44.386,-89.345,NA
2792,44.394,-89.566,ATC
2809,44.394,-89.566,NA
2792,44.395,-87.87700000000001,ATC
2792,45.288000000000004,-87.84100000000001,ATC
2792,45.371,-88.835,ATC
2793,42.519,-88.491,ATC
2796,42.519,-88.491,ATC
2793,42.571000000000005,-88.329,ATC
2796,42.571000000000005,-88.329,ATC
2793,43.645,-89.17299999999999,ATC
2806,43.645,-89.17299999999999,ATC
2878,43.645,-89.17299999999999,ATC
2793,43.691,-89.624,ATC
2798,43.691,-89.624,ATC
2793,43.708999999999996,-89.336,ATC
2806,43.708999999999996,-89.336,ATC
2875,43.708999999999996,-89.336,ATC
2793,43.716,-89.5,ATC
2875,43.716,-89.5,ATC
2793,43.722,-89.462,ATC
2875,43.722,-89.462,ATC
2793,43.748999999999995,-89.50299999999999,ATC
2806,43.748999999999995,-89.50299999999999,ATC
2875,43.748999999999995,-89.50299999999999,ATC
2793,44.233000000000004,-89.55799999999999,ATC
2793,44.236000000000004,-89.65299999999999,ATC
2798,44.236000000000004,-89.65299999999999,ATC
2793,44.262,-89.306,ATC
2809,44.262,-89.306,NA
2793,44.265,-89.46,ATC
2809,44.265,-89.46,NA
2793,44.455,-89.345,ATC
2809,44.455,-89.345,NA
2793,44.583999999999996,-89.31200000000001,ATC
2809,44.583999999999996,-89.31200000000001,NA
2793,44.683,-88.804,ATC
2831,44.683,-88.804,NA
2832,44.683,-88.804,NA
2833,44.683,-88.804,NA
2793,44.82,-89.182,ATC
2831,44.82,-89.182,NA
2832,44.82,-89.182,NA
2833,44.82,-89.182,NA
2859,44.82,-89.182,NA
2793,44.84,-88.74799999999999,ATC
2831,44.84,-88.74799999999999,NA
2832,44.84,-88.74799999999999,NA
2833,44.84,-88.74799999999999,NA
2793,43.778,-90.27799999999999,ATC
2811,43.778,-90.27799999999999,NA
2843,43.778,-90.27799999999999,NA
2844,43.778,-90.27799999999999,NA
2845,43.778,-90.27799999999999,NA
2798,44.111999999999995,-89.62200000000001,ATC
2806,44.111999999999995,-89.62200000000001,ATC
2798,43.659,-89.738,ATC
2806,43.659,-89.738,ATC
2798,43.869,-89.838,ATC
2806,43.869,-89.838,ATC
2806,43.681000000000004,-89.59700000000001,ATC
2875,43.681000000000004,-89.59700000000001,ATC
2806,43.864,-89.454,ATC
2875,43.864,-89.454,ATC
2806,43.888999999999996,-89.382,ATC
2875,43.888999999999996,-89.382,ATC
2806,44.131,-89.26899999999999,ATC
